invoice_number,present_on_portal,portal_ticket_ids,portal_status,portal_category,portal_created,present_in_claimclear,claimclear_status,claimclear_outcome,claimclear_id
1756282680,yes,88375,Closed,GPS Control Deviation,2026-05-09 16:11:52,no,,,
1761882660,yes,86125,Closed,GPS Control Deviation,2026-05-01 11:00:44,no,,,
1761882810,yes,88698,Closed,GPS Control Deviation,2026-05-09 19:50:18,no,,,
1762714700,yes,88294,Closed,GPS Control Deviation,2026-05-08 18:13:49,no,,,
1764709550,yes,88342,Closed,GPS Control Deviation,2026-05-09 12:41:52,no,,,
1769623550,yes,88421,Closed,GPS Control Deviation,2026-05-09 16:24:07,no,,,
1772287030,yes,89591,Closed,GPS Control Deviation,2026-05-12 14:00:37,no,,,
1772418240,yes,88538,Closed,GPS Control Deviation,2026-05-09 17:02:44,no,,,
1774979290,yes,88258,Closed,GPS Control Deviation,2026-05-08 18:03:34,no,,,
1775914990,yes,88298,Closed,GPS Control Deviation,2026-05-08 18:14:57,no,,,
1775947540,yes,89970,Closed,GPS Control Deviation,2026-05-13 14:02:40,no,,,
1776098570,yes,88679,Closed,GPS Control Deviation,2026-05-09 19:44:59,no,,,
1776329940,yes,88133,Closed,GPS Control Deviation,2026-05-08 14:01:32,no,,,
1777226290,yes,88490,Closed,GPS Control Deviation,2026-05-09 16:49:44,no,,,
1777489990,yes,89975,Closed,GPS Control Deviation,2026-05-13 14:03:13,no,,,
1778249440,yes,89615,Closed,GPS Control Deviation,2026-05-12 14:07:38,no,,,
1782680220,yes,91105,Closed,GPS Control Deviation,2026-05-18 11:00:49,no,,,
1782763620,yes,88349,Closed,GPS Control Deviation,2026-05-09 12:43:57,no,,,
1782763700,yes,92407,Closed,GPS Control Deviation,2026-05-20 18:53:10,no,,,
1784729370,yes,90363,Closed,GPS Control Deviation,2026-05-14 14:00:33,no,,,
1785005100,yes,85127,Closed,GPS Control Deviation,2026-04-28 19:08:04,no,,,
1785923790,yes,88286,Closed,GPS Control Deviation,2026-05-08 18:11:22,no,,,
1785923860,yes,90750,Closed,GPS Control Deviation,2026-05-15 16:23:50,no,,,
1786576850,yes,88621,Closed,GPS Control Deviation,2026-05-09 19:28:19,no,,,
1786805180,yes,90681,Closed,GPS Control Deviation,2026-05-15 14:06:39,no,,,
1786951830,yes,88484,Closed,GPS Control Deviation,2026-05-09 16:48:14,no,,,
1789781310,yes,90663,Closed,GPS Control Deviation,2026-05-15 14:00:09,no,,,
1790245900,yes,91503,Closed,GPS Control Deviation,2026-05-18 22:14:07,no,,,
1792576310,yes,92166,Closed,GPS Control Deviation,2026-05-20 11:03:22,no,,,
1792895920,yes,88630,Closed,GPS Control Deviation,2026-05-09 19:30:56,no,,,
1793264810,yes,85124,Closed,GPS Control Deviation,2026-04-28 19:07:37,no,,,
1793869460,yes,88651,Closed,GPS Control Deviation,2026-05-09 19:37:12,no,,,
1794556130,yes,88519,Closed,GPS Control Deviation,2026-05-09 16:57:48,no,,,
1797699130,yes,92277,Closed,GPS Control Deviation,2026-05-20 14:02:52,no,,,
1797935470,yes,90365,Closed,GPS Control Deviation,2026-05-14 14:01:15,no,,,
1797972160,yes,87895,Closed,GPS Control Deviation,2026-05-07 22:00:38,no,,,
1797972180,yes,88281,Closed,GPS Control Deviation,2026-05-08 18:09:58,no,,,
1797972190,yes,88046,Closed,GPS Control Deviation,2026-05-08 11:02:55,no,,,
1799585040,yes,88647,Closed,GPS Control Deviation,2026-05-09 19:35:58,no,,,
1799940260,yes,91259,Closed,GPS Control Deviation,2026-05-18 14:01:39,no,,,
1800221390,yes,88556,Closed,GPS Control Deviation,2026-05-09 17:31:34,no,,,
1801336590,yes,90371,Closed,GPS Control Deviation,2026-05-14 14:02:30,no,,,
1801404270,yes,88613,Closed,GPS Control Deviation,2026-05-09 19:26:06,no,,,
1801935640,yes,85435,Closed,GPS Control Deviation,2026-04-29 13:50:10,no,,,
1803231370,yes,87855,Closed,GPS Control Deviation,2026-05-07 18:02:49,no,,,
1803231380,yes,88296,Closed,GPS Control Deviation,2026-05-08 18:14:25,no,,,
1803597960,yes,88522,Closed,GPS Control Deviation,2026-05-09 16:58:38,no,,,
1804580940,yes,87324,Closed,GPS Control Deviation,2026-05-06 11:02:18,no,,,
1805665470,yes,87857,Closed,GPS Control Deviation,2026-05-07 18:03:26,no,,,
1805915190,yes,88697,Closed,GPS Control Deviation,2026-05-09 19:50:02,no,,,
1806522640,yes,85109,Closed,GPS Control Deviation,2026-04-28 19:04:49,no,,,
1807836920,yes,88513,Closed,GPS Control Deviation,2026-05-09 16:56:06,no,,,
1807987170,yes,85226,Closed,GPS Control Deviation,2026-04-29 08:16:36,no,,,
1808822800,yes,87755,Closed,GPS Control Deviation,2026-05-07 14:00:09,no,,,
1809040550,yes,88299,Closed,GPS Control Deviation,2026-05-08 18:15:15,no,,,
1809612770,yes,87761,Closed,GPS Control Deviation,2026-05-07 14:01:16,no,,,
1809612920,yes,88663,Closed,GPS Control Deviation,2026-05-09 19:40:31,no,,,
1809786110,yes,85072,Closed,GPS Control Deviation,2026-04-28 18:13:33,no,,,
1810218590,yes,87847,Closed,GPS Control Deviation,2026-05-07 18:00:34,no,,,
1810220860,yes,90666,Closed,GPS Control Deviation,2026-05-15 14:01:14,no,,,
1810340920,yes,88557,Closed,GPS Control Deviation,2026-05-09 17:31:50,no,,,
1810341120,yes,92178,Closed,GPS Control Deviation,2026-05-20 11:06:31,no,,,
1810450370,yes,87403,Closed,GPS Control Deviation,2026-05-06 14:00:37,no,,,
1810450500,yes,89963,Closed,GPS Control Deviation,2026-05-13 14:01:09,no,,,
1811431510,yes,91108,Closed,GPS Control Deviation,2026-05-18 11:01:07,no,,,
1811559940,yes,85129,Closed,GPS Control Deviation,2026-04-28 19:08:20,no,,,
1811560110,yes,87898,Closed,GPS Control Deviation,2026-05-07 22:01:29,no,,,
1811560380,yes,92413,Closed,GPS Control Deviation,2026-05-20 18:54:52,no,,,
1811814390,yes,87700,Closed,GPS Control Deviation,2026-05-07 11:46:29,no,,,
1812056030,yes,89976,Closed,GPS Control Deviation,2026-05-13 14:03:28,no,,,
1812371020,yes,85152,Closed,GPS Control Deviation,2026-04-28 19:17:10,no,,,
1813123750,yes,85064,Closed,GPS Control Deviation,2026-04-28 18:08:48,no,,,
1815911460,yes,88639,Closed,GPS Control Deviation,2026-05-09 19:33:34,no,,,
1816477590,yes,88038,Closed,GPS Control Deviation,2026-05-08 11:00:54,no,,,
1816533060,yes,87859,Closed,GPS Control Deviation,2026-05-07 18:04:00,no,,,
1817461380,yes,88460,Closed,GPS Control Deviation,2026-05-09 16:41:34,no,,,
1818563470,yes,87167,Closed,GPS Control Deviation,2026-05-05 18:02:42,no,,,
1818978270,yes,92397,Closed,GPS Control Deviation,2026-05-20 18:25:22,no,,,
1819214090,yes,92170,Closed,GPS Control Deviation,2026-05-20 11:04:36,no,,,
1820474260,yes,88502,Closed,GPS Control Deviation,2026-05-09 16:53:20,no,,,
1820916500,yes,89610,Closed,GPS Control Deviation,2026-05-12 14:06:03,no,,,
1821244240,yes,89300|89240,Closed|Closed,GPS Control Deviation,2026-05-12 08:00:34,no,,,
1821833240,yes,85464,Closed,GPS Control Deviation,2026-04-29 14:58:28,no,,,
1822060350,yes,88279,Closed,GPS Control Deviation,2026-05-08 18:09:23,no,,,
1822117500,yes,86843,Closed,GPS Control Deviation,2026-05-05 08:10:14,no,,,
1822668320,yes,89597,Closed,GPS Control Deviation,2026-05-12 14:02:20,no,,,
1823418450,yes,88521,Closed,GPS Control Deviation,2026-05-09 16:58:20,no,,,
1823516170,yes,88527,Closed,GPS Control Deviation,2026-05-09 17:00:04,no,,,
1824044290,yes,88388,Closed,GPS Control Deviation,2026-05-09 16:15:58,no,,,
1824429390,yes,89977,Closed,GPS Control Deviation,2026-05-13 14:03:30,no,,,
1825311060,yes,89607,Closed,GPS Control Deviation,2026-05-12 14:05:10,no,,,
1825444370,yes,88354,Closed,GPS Control Deviation,2026-05-09 12:45:26,no,,,
1825446080,yes,92403,Closed,GPS Control Deviation,2026-05-20 18:40:38,no,,,
1825446190,yes,92292,Closed,GPS Control Deviation,2026-05-20 14:07:35,no,,,
1825707320,yes,85136,Closed,GPS Control Deviation,2026-04-28 19:14:12,no,,,
1826625250,yes,88347,Closed,GPS Control Deviation,2026-05-09 12:43:20,no,,,
1826625270,yes,89603,Closed,GPS Control Deviation,2026-05-12 14:04:00,no,,,
1826759660,yes,89596,Closed,GPS Control Deviation,2026-05-12 14:02:03,no,,,
1826979570,yes,92180,Closed,GPS Control Deviation,2026-05-20 11:07:08,no,,,
1828126580,yes,88602,Closed,GPS Control Deviation,2026-05-09 17:44:41,no,,,
1828338960,yes,88274,Closed,GPS Control Deviation,2026-05-08 18:08:00,no,,,
1828685830,yes,89964,Closed,GPS Control Deviation,2026-05-13 14:01:10,no,,,
1829190930,yes,88700,Closed,GPS Control Deviation,2026-05-09 19:50:51,no,,,
1829502060,yes,85103,Closed,GPS Control Deviation,2026-04-28 19:04:00,no,,,
1829732450,yes,87160,Closed,GPS Control Deviation,2026-05-05 18:00:45,no,,,
1830060400,yes,87318,Closed,GPS Control Deviation,2026-05-06 11:00:34,no,,,
1830114650,yes,89613,Closed,GPS Control Deviation,2026-05-12 14:06:52,no,,,
1830324120,yes,88584,Closed,GPS Control Deviation,2026-05-09 17:39:40,no,,,
1831196190,yes,91499,Closed,GPS Control Deviation,2026-05-18 22:04:21,no,,,
1831958690,yes,85138,Closed,GPS Control Deviation,2026-04-28 19:14:25,no,,,
1832154370,yes,87317,Closed,GPS Control Deviation,2026-05-06 11:00:18,no,,,
1832220170,yes,85118,Closed,GPS Control Deviation,2026-04-28 19:06:11,no,,,
1832336120,yes,89969,Closed,GPS Control Deviation,2026-05-13 14:02:34,no,,,
1833679120,yes,87900,Closed,GPS Control Deviation,2026-05-07 22:02:03,no,,,
1833679180,yes,88593,Closed,GPS Control Deviation,2026-05-09 17:42:12,no,,,
1833679210,yes,91438,Closed,GPS Control Deviation,2026-05-18 18:54:43,no,,,
1833736170,yes,88455,Closed,GPS Control Deviation,2026-05-09 16:40:02,no,,,
1833808960,yes,88539,Closed,GPS Control Deviation,2026-05-09 17:03:03,no,,,
1833871600,yes,85144,Closed,GPS Control Deviation,2026-04-28 19:16:05,no,,,
1833887080,yes,90455,Closed,GPS Control Deviation,2026-05-14 17:03:26,no,,,
1834698690,yes,88413,Closed,GPS Control Deviation,2026-05-09 16:22:02,no,,,
1834836370,yes,90668,Closed,GPS Control Deviation,2026-05-15 14:01:53,no,,,
1835647230,yes,87163,Closed,GPS Control Deviation,2026-05-05 18:01:35,no,,,
1836350730,yes,88288,Closed,GPS Control Deviation,2026-05-08 18:11:56,no,,,
1836536660,yes,91386,Closed,GPS Control Deviation,2026-05-18 18:05:10,no,,,
1836925180,yes,92857,Open,GPS Control Deviation,2026-05-21 22:55:26,no,,,
1836925240,yes,92169,Closed,GPS Control Deviation,2026-05-20 11:04:18,no,,,
1837942600,yes,88466,Closed,GPS Control Deviation,2026-05-09 16:43:15,no,,,
1837957360,yes,86803,Closed,GPS Control Deviation,2026-05-04 18:00:52,no,,,
1838191620,yes,85070,Closed,GPS Control Deviation,2026-04-28 18:10:48,no,,,
1838195850,yes,85154,Closed,GPS Control Deviation,2026-04-28 19:18:19,no,,,
1838965660,yes,88377,Closed,GPS Control Deviation,2026-05-09 16:12:29,no,,,
1840321750,yes,88683,Closed,GPS Control Deviation,2026-05-09 19:46:07,no,,,
1840520910,yes,85102,Closed,GPS Control Deviation,2026-04-28 19:04:00,no,,,
1840529780,yes,88493,Closed,GPS Control Deviation,2026-05-09 16:50:39,no,,,
1841037610,yes,90468,Closed,GPS Control Deviation,2026-05-14 17:07:05,no,,,
1841075970,yes,88685,Closed,GPS Control Deviation,2026-05-09 19:46:39,no,,,
1841126890,yes,88476,Closed,GPS Control Deviation,2026-05-09 16:45:52,no,,,
1842066700,yes,88654,Closed,GPS Control Deviation,2026-05-09 19:38:05,no,,,
1842287770,yes,87862,Closed,GPS Control Deviation,2026-05-07 18:04:54,no,,,
1842637850,yes,89601,Closed,GPS Control Deviation,2026-05-12 14:03:28,no,,,
1842873910,yes,88293,Closed,GPS Control Deviation,2026-05-08 18:13:31,no,,,
1842899200,yes,88511,Closed,GPS Control Deviation,2026-05-09 16:55:34,no,,,
1843689670,yes,88626,Closed,GPS Control Deviation,2026-05-09 19:29:46,no,,,
1843895000,yes,88261,Closed,GPS Control Deviation,2026-05-08 18:04:24,no,,,
1844199410,yes,88650,Closed,GPS Control Deviation,2026-05-09 19:36:54,no,,,
1844360240,yes,87854,Closed,GPS Control Deviation,2026-05-07 18:02:30,no,,,
1844497880,yes,88551,Closed,GPS Control Deviation,2026-05-09 17:30:06,no,,,
1844502540,yes,88295,Closed,GPS Control Deviation,2026-05-08 18:14:07,no,,,
1844917270,yes,92160,Closed,GPS Control Deviation,2026-05-20 11:01:50,no,,,
1845043220,yes,85107,Closed,GPS Control Deviation,2026-04-28 19:04:33,no,,,
1845043270,yes,88537,Closed,GPS Control Deviation,2026-05-09 17:02:27,no,,,
1845079550,yes,89608,Closed,GPS Control Deviation,2026-05-12 14:05:28,no,,,
1845093530,yes,88688,Closed,GPS Control Deviation,2026-05-09 19:47:33,no,,,
1845479280,yes,88132,Closed,GPS Control Deviation,2026-05-08 14:01:13,no,,,
1845479290,yes,88523,Closed,GPS Control Deviation,2026-05-09 16:58:56,no,,,
1845534860,yes,87758,Closed,GPS Control Deviation,2026-05-07 14:00:44,no,,,
1845573610,yes,91629,Closed,GPS Control Deviation,2026-05-19 11:00:51,no,,,
1846045330,yes,85161,Closed,GPS Control Deviation,2026-04-28 19:19:56,no,,,
1846089520,yes,88458,Closed,GPS Control Deviation,2026-05-09 16:40:58,no,,,
1846818870,yes,85120,Closed,GPS Control Deviation,2026-04-28 19:06:27,no,,,
1847398500,yes,88395,Closed,GPS Control Deviation,2026-05-09 16:17:43,no,,,
1847580740,yes,88686,Closed,GPS Control Deviation,2026-05-09 19:46:55,no,,,
1847918090,yes,88444,Closed,GPS Control Deviation,2026-05-09 16:37:00,no,,,
1848054200,yes,87158,Closed,GPS Control Deviation,2026-05-05 18:00:10,no,,,
1848054260,yes,88562,Closed,GPS Control Deviation,2026-05-09 17:33:19,no,,,
1848206320,yes,85718|85716,Closed|Closed,GPS Control Deviation,2026-04-30 11:00:34,no,,,
1848377730,yes,85075,Closed,GPS Control Deviation,2026-04-28 18:16:27,no,,,
1848806840,yes,91505,Closed,GPS Control Deviation,2026-05-18 22:28:43,no,,,
1848959040,yes,88346,Closed,GPS Control Deviation,2026-05-09 12:43:03,no,,,
1849160800,yes,88689,Closed,GPS Control Deviation,2026-05-09 19:47:49,no,,,
1849163690,yes,88416,Closed,GPS Control Deviation,2026-05-09 16:22:40,no,,,
1849189340,yes,88658,Closed,GPS Control Deviation,2026-05-09 19:39:11,no,,,
1849221980,yes,85065,Closed,GPS Control Deviation,2026-04-28 18:09:03,no,,,
1849951770,yes,87868,Closed,GPS Control Deviation,2026-05-07 18:06:19,no,,,
1849978490,yes,88036,Closed,GPS Control Deviation,2026-05-08 11:00:18,no,,,
1850081360,yes,85993,Closed,GPS Control Deviation,2026-04-30 18:05:57,no,,,
1850083280,yes,88275,Closed,GPS Control Deviation,2026-05-08 18:08:17,no,,,
1850245180,yes,88049,Closed,GPS Control Deviation,2026-05-08 11:03:48,no,,,
1850584080,yes,88485,Closed,GPS Control Deviation,2026-05-09 16:48:32,no,,,
1850591540,yes,85994,Closed,GPS Control Deviation,2026-04-30 18:12:34,no,,,
1851063380,yes,86801,Closed,GPS Control Deviation,2026-05-04 18:00:19,no,,,
1851234700,yes,92307,Closed,GPS Control Deviation,2026-05-20 14:11:55,no,,,
1851271830,yes,88633,Closed,GPS Control Deviation,2026-05-09 19:31:48,no,,,
1851511470,yes,85112,Closed,GPS Control Deviation,2026-04-28 19:05:20,no,,,
1851566390,yes,85074,Closed,GPS Control Deviation,2026-04-28 18:14:48,no,,,
1851644580,yes,85123,Closed,GPS Control Deviation,2026-04-28 19:07:32,no,,,
1851677970,yes,92272,Closed,GPS Control Deviation,2026-05-20 14:01:08,no,,,
1851774760,yes,87135,Closed,GPS Control Deviation,2026-05-05 16:48:09,no,,,
1851982680,yes,87138,Closed,GPS Control Deviation,2026-05-05 16:49:02,no,,,
1852064220,yes,87851,Closed,GPS Control Deviation,2026-05-07 18:01:54,no,,,
1852072120,yes,88566,Closed,GPS Control Deviation,2026-05-09 17:34:32,no,,,
1852113730,yes,88499,Closed,GPS Control Deviation,2026-05-09 16:52:26,no,,,
1852130220,yes,85145,Closed,GPS Control Deviation,2026-04-28 19:16:20,no,,,
1852367960,yes,88257,Closed,GPS Control Deviation,2026-05-08 18:03:17,no,,,
1852397820,yes,88277,Closed,GPS Control Deviation,2026-05-08 18:08:50,no,,,
1852398780,yes,88565,Closed,GPS Control Deviation,2026-05-09 17:34:15,no,,,
1852398810,yes,92297,Closed,GPS Control Deviation,2026-05-20 14:09:10,no,,,
1852527230,yes,88526,Closed,GPS Control Deviation,2026-05-09 16:59:48,no,,,
1852543460,yes,85051|85050|85049|85048|85047|85046|85045|85044|85043|85042|85041|85040,Closed|Closed|Closed|Closed|Closed|Closed|Closed|Closed|Closed|Closed|Closed|Closed,GPS Control Deviation,2026-04-28 18:05:25,no,,,
1852573610,yes,85142,Closed,GPS Control Deviation,2026-04-28 19:14:58,no,,,
1852599100,yes,92275,Closed,GPS Control Deviation,2026-05-20 14:02:13,no,,,
1852609470,yes,87320,Closed,GPS Control Deviation,2026-05-06 11:01:09,no,,,
1852610640,yes,88255,Closed,GPS Control Deviation,2026-05-08 18:02:44,no,,,
1852610650,yes,87894,Closed,GPS Control Deviation,2026-05-07 22:00:20,no,,,
1852610660,yes,88387,Closed,GPS Control Deviation,2026-05-09 16:15:36,no,,,
1852610680,yes,88470,Closed,GPS Control Deviation,2026-05-09 16:44:18,no,,,
1852610690,yes,88465,Closed,GPS Control Deviation,2026-05-09 16:42:58,no,,,
1852610700,yes,90675,Closed,GPS Control Deviation,2026-05-15 14:04:11,no,,,
1852610710,yes,88678,Closed,GPS Control Deviation,2026-05-09 19:44:38,no,,,
1852653090,yes,90073,Closed,GPS Control Deviation,2026-05-13 18:01:35,no,,,
1852654940,yes,87164,Closed,GPS Control Deviation,2026-05-05 18:01:53,no,,,
1852747070,yes,85061,Closed,GPS Control Deviation,2026-04-28 18:07:57,no,,,
1852790030,yes,88290,Closed,GPS Control Deviation,2026-05-08 18:12:30,no,,,
1852902300,yes,88559,Closed,GPS Control Deviation,2026-05-09 17:32:30,no,,,
1852917170,yes,85067,Closed,GPS Control Deviation,2026-04-28 18:09:35,no,,,
1853072180,yes,85131,Closed,GPS Control Deviation,2026-04-28 19:08:36,no,,,
1853169520,yes,89475,Closed,GPS Control Deviation,2026-05-12 11:01:31,no,,,
1853176210,yes,87846,Closed,GPS Control Deviation,2026-05-07 18:00:18,no,,,
1853316220,yes,90467,Closed,GPS Control Deviation,2026-05-14 17:06:48,no,,,
1853395590,yes,88250,Closed,GPS Control Deviation,2026-05-08 18:01:38,no,,,
1853419460,yes,85114,Closed,GPS Control Deviation,2026-04-28 19:05:37,no,,,
1853570390,yes,85888,Closed,GPS Control Deviation,2026-04-30 14:00:16,no,,,
1853626480,yes,85068,Closed,GPS Control Deviation,2026-04-28 18:09:52,no,,,
1853850990,yes,85889,Closed,GPS Control Deviation,2026-04-30 14:00:31,no,,,
1853858630,yes,88605,Closed,GPS Control Deviation,2026-05-09 17:45:28,no,,,
1853859580,yes,85121,Closed,GPS Control Deviation,2026-04-28 19:06:30,no,,,
1853873600,yes,88482,Closed,GPS Control Deviation,2026-05-09 16:47:37,no,,,
1853877420,yes,89590,Closed,GPS Control Deviation,2026-05-12 14:00:21,no,,,
1853940620,yes,87134,Closed,GPS Control Deviation,2026-05-05 16:47:54,no,,,
1853940690,yes,88037,Closed,GPS Control Deviation,2026-05-08 11:00:36,no,,,
1853941440,yes,88394,Closed,GPS Control Deviation,2026-05-09 16:17:28,no,,,
1854058610,yes,85063|85060|85059|85058|85056|85055|85054|85053,Closed|Closed|Closed|Closed|Closed|Closed|Closed|Closed,GPS Control Deviation,2026-04-28 18:08:30,no,,,
1854134910,yes,85451,Closed,GPS Control Deviation,2026-04-29 14:32:10,no,,,
1854145840,yes,90677,Closed,GPS Control Deviation,2026-05-15 14:04:55,no,,,
1854146890,yes,85117,Closed,GPS Control Deviation,2026-04-28 19:05:54,no,,,
1854176610,yes,88301,Closed,GPS Control Deviation,2026-05-08 18:15:50,no,,,
1854191820,yes,89471,Closed,GPS Control Deviation,2026-05-12 11:00:18,no,,,
1854266720,yes,85066,Closed,GPS Control Deviation,2026-04-28 18:09:19,no,,,
1854341230,yes,85071,Closed,GPS Control Deviation,2026-04-28 18:12:14,no,,,
1854349170,yes,92419,Closed,GPS Control Deviation,2026-05-20 18:56:35,no,,,
1854423260,yes,87853,Closed,GPS Control Deviation,2026-05-07 18:02:12,no,,,
1854459080,yes,87170,Closed,GPS Control Deviation,2026-05-05 18:08:18,no,,,
1854459980,yes,89592,Closed,GPS Control Deviation,2026-05-12 14:00:54,no,,,
1854504290,yes,92027|91984|91769,Closed|Closed|Closed,GPS Control Deviation,2026-05-20 08:00:10,no,,,
1854510670,yes,85137,Closed,GPS Control Deviation,2026-04-28 19:14:24,no,,,
1854528720,yes,85449,Closed,GPS Control Deviation,2026-04-29 14:28:56,no,,,
1854543690,yes,85069,Closed,GPS Control Deviation,2026-04-28 18:10:08,no,,,
1854596020,yes,85237,Closed,GPS Control Deviation,2026-04-29 08:48:32,no,,,
1854602950,yes,85133,Closed,GPS Control Deviation,2026-04-28 19:13:53,no,,,
1854609510,yes,85997,Closed,GPS Control Deviation,2026-04-30 18:27:56,no,,,
1854660490,yes,85125,Closed,GPS Control Deviation,2026-04-28 19:07:48,no,,,
1854695760,yes,88516,Closed,GPS Control Deviation,2026-05-09 16:56:58,no,,,
1854712100,yes,85104,Closed,GPS Control Deviation,2026-04-28 19:04:16,no,,,
1854716330,yes,88655,Closed,GPS Control Deviation,2026-05-09 19:38:23,no,,,
1854734080,yes,85116,Closed,GPS Control Deviation,2026-04-28 19:05:54,no,,,
1854739160,yes,85052,Closed,GPS Control Deviation,2026-04-28 18:05:42,no,,,
1854838710,yes,85160,Closed,GPS Control Deviation,2026-04-28 19:19:39,no,,,
1854866980,yes,81187,Closed,GPS Control Deviation,2026-04-15 16:31:42,no,,,
1854872540,yes,87860,Closed,GPS Control Deviation,2026-05-07 18:04:18,no,,,
1854880200,yes,92402,Closed,GPS Control Deviation,2026-05-20 18:35:39,no,,,
1854900230,yes,88568,Closed,GPS Control Deviation,2026-05-09 17:35:07,no,,,
1854902170,yes,88424,Closed,GPS Control Deviation,2026-05-09 16:25:03,no,,,
1854963030,yes,85140,Closed,GPS Control Deviation,2026-04-28 19:14:41,no,,,
1854985550,yes,85108,Closed,GPS Control Deviation,2026-04-28 19:04:47,no,,,
1854997310,yes,85062,Closed,GPS Control Deviation,2026-04-28 18:08:13,no,,,
1854999190,yes,85719,Closed,GPS Control Deviation,2026-04-30 11:00:50,no,,,
1854999220,yes,85135,Closed,GPS Control Deviation,2026-04-28 19:14:09,no,,,
1855019540,yes,85720,Closed,GPS Control Deviation,2026-04-30 11:01:06,no,,,
1855128460,yes,88252,Closed,GPS Control Deviation,2026-05-08 18:02:09,no,,,
1855138880,yes,85444,Closed,GPS Control Deviation,2026-04-29 14:17:01,no,,,
1855159470,yes,85106,Closed,GPS Control Deviation,2026-04-28 19:04:32,no,,,
1855228040,yes,85099,Closed,GPS Control Deviation,2026-04-28 19:00:30,no,,,
1855241540,yes,85426,Closed,GPS Control Deviation,2026-04-29 13:34:46,no,,,
1855262100,yes,85440,Closed,GPS Control Deviation,2026-04-29 14:08:24,no,,,
1855277160,yes,88264,Closed,GPS Control Deviation,2026-05-08 18:05:13,no,,,
1855372860,yes,85113,Closed,GPS Control Deviation,2026-04-28 19:05:22,no,,,
1855378920,yes,85159|85158|85157|85130|85095|85096|85091|85089|85087|85084|85083,Closed|Closed|Closed|Closed|Closed|Closed|Closed|Closed|Closed|Closed|Closed,GPS Control Deviation,2026-04-28 19:19:23,no,,,
1855411380,yes,88563,Closed,GPS Control Deviation,2026-05-09 17:33:36,no,,,
1855487380,yes,88580,Closed,GPS Control Deviation,2026-05-09 17:38:33,no,,,
1855512460,yes,85093,Closed,GPS Control Deviation,2026-04-28 18:58:50,no,,,
1855525230,yes,85235,Closed,GPS Control Deviation,2026-04-29 08:41:28,no,,,
1855568150,yes,88263,Closed,GPS Control Deviation,2026-05-08 18:04:56,no,,,
1855582000,yes,88671,Closed,GPS Control Deviation,2026-05-09 19:42:45,no,,,
1855788320,yes,88601,Closed,GPS Control Deviation,2026-05-09 17:44:25,no,,,
1855812510,yes,85101,Closed,GPS Control Deviation,2026-04-28 19:03:13,no,,,
1855844500,yes,85097,Closed,GPS Control Deviation,2026-04-28 18:59:56,no,,,
1855902870,yes,87161,Closed,GPS Control Deviation,2026-05-05 18:01:02,no,,,
1855976160,yes,87850,Closed,GPS Control Deviation,2026-05-07 18:01:38,no,,,
1856292750,yes,87866,Closed,GPS Control Deviation,2026-05-07 18:05:45,no,,,
1856345000,yes,88249,Closed,GPS Control Deviation,2026-05-08 18:01:23,no,,,
1856536940,yes,88283,Closed,GPS Control Deviation,2026-05-08 18:10:32,no,,,
1856567990,yes,87142,Closed,GPS Control Deviation,2026-05-05 16:50:14,no,,,
1856606300,yes,88517,Closed,GPS Control Deviation,2026-05-09 16:57:16,no,,,
1856644670,yes,85398,Closed,GPS Control Deviation,2026-04-29 12:45:52,no,,,
1856909340,yes,92433,Closed,GPS Control Deviation,2026-05-20 21:10:45,no,,,
1856914190,yes,88372,Closed,GPS Control Deviation,2026-05-09 16:11:17,no,,,
1856925370,yes,88280,Closed,GPS Control Deviation,2026-05-08 18:09:40,no,,,
1856958660,yes,88266,Closed,GPS Control Deviation,2026-05-08 18:05:46,no,,,
1856990030,yes,89609,Closed,GPS Control Deviation,2026-05-12 14:05:45,no,,,
1857046080,yes,88448,Closed,GPS Control Deviation,2026-05-09 16:38:15,no,,,
1857105500,yes,85428,Closed,GPS Control Deviation,2026-04-29 13:36:34,no,,,
1857206330,yes,89599,Closed,GPS Control Deviation,2026-05-12 14:02:54,no,,,
1857311760,yes,88247,Closed,GPS Control Deviation,2026-05-08 18:00:50,no,,,
1857318570,yes,88552,Closed,GPS Control Deviation,2026-05-09 17:30:23,no,,,
1857419810,yes,87159,Closed,GPS Control Deviation,2026-05-05 18:00:28,no,,,
1857445340,yes,86804,Closed,GPS Control Deviation,2026-05-04 18:01:08,no,,,
1857451670,yes,87319,Closed,GPS Control Deviation,2026-05-06 11:00:52,no,,,
1857683040,yes,88618,Closed,GPS Control Deviation,2026-05-09 19:27:28,no,,,
1857718090,yes,87133,Closed,GPS Control Deviation,2026-05-05 16:47:37,no,,,
1857746010,yes,87162,Closed,GPS Control Deviation,2026-05-05 18:01:19,no,,,
1857779860,yes,88410,Closed,GPS Control Deviation,2026-05-09 16:21:15,no,,,
1857860880,yes,91101,Closed,GPS Control Deviation,2026-05-18 11:00:10,no,,,
1857867950,yes,88268,Closed,GPS Control Deviation,2026-05-08 18:06:18,no,,,
1857891790,yes,89981,Closed,GPS Control Deviation,2026-05-13 14:04:41,no,,,
1857915050,yes,87166,Closed,GPS Control Deviation,2026-05-05 18:02:26,no,,,
1857952680,yes,88048,Closed,GPS Control Deviation,2026-05-08 11:03:31,no,,,
1857990710,yes,88469,Closed,GPS Control Deviation,2026-05-09 16:44:11,no,,,
1858007300,yes,87863,Closed,GPS Control Deviation,2026-05-07 18:05:13,no,,,
1858051570,yes,86802,Closed,GPS Control Deviation,2026-05-04 18:00:36,no,,,
1858054540,yes,88506,Closed,GPS Control Deviation,2026-05-09 16:54:12,no,,,
1858129690,yes,87141,Closed,GPS Control Deviation,2026-05-05 16:49:57,no,,,
1858143440,yes,87849,Closed,GPS Control Deviation,2026-05-07 18:01:20,no,,,
1858215710,yes,87322,Closed,GPS Control Deviation,2026-05-06 11:01:42,no,,,
1858231280,yes,88259,Closed,GPS Control Deviation,2026-05-08 18:03:51,no,,,
1858264940,yes,87405,Closed,GPS Control Deviation,2026-05-06 14:00:55,no,,,
1858290110,yes,88573,Closed,GPS Control Deviation,2026-05-09 17:36:29,no,,,
1858351020,yes,87136,Closed,GPS Control Deviation,2026-05-05 16:48:25,no,,,
1858371470,yes,87165,Closed,GPS Control Deviation,2026-05-05 18:02:10,no,,,
1858422900,yes,87140,Closed,GPS Control Deviation,2026-05-05 16:49:41,no,,,
1858436960,yes,88273,Closed,GPS Control Deviation,2026-05-08 18:07:45,no,,,
1858450050,yes,87323,Closed,GPS Control Deviation,2026-05-06 11:02:00,no,,,
1858488950,yes,88622,Closed,GPS Control Deviation,2026-05-09 19:28:37,no,,,
1858514570,yes,92173,Closed,GPS Control Deviation,2026-05-20 11:04:59,no,,,
1858534770,yes,88267,Closed,GPS Control Deviation,2026-05-08 18:06:02,no,,,
1858570790,yes,86717,Closed,GPS Control Deviation,2026-05-04 14:39:15,no,,,
1858654520,yes,87139,Closed,GPS Control Deviation,2026-05-05 16:49:24,no,,,
1858662120,yes,88461,Closed,GPS Control Deviation,2026-05-09 16:41:51,no,,,
1858682290,yes,88341,Closed,GPS Control Deviation,2026-05-09 12:41:33,no,,,
1858683460,yes,89303|89276,Closed|Closed,GPS Control Deviation,2026-05-12 08:01:22,no,,,
1858688450,yes,87757,Closed,GPS Control Deviation,2026-05-07 14:00:28,no,,,
1858689640,yes,87169,Closed,GPS Control Deviation,2026-05-05 18:03:26,no,,,
1858775730,yes,89962|89961,Closed|Closed,GPS Control Deviation,2026-05-13 14:00:53,no,,,
1858792520,yes,88384,Closed,GPS Control Deviation,2026-05-09 16:14:28,no,,,
1858797430,yes,87402,Closed,GPS Control Deviation,2026-05-06 14:00:36,no,,,
1858805330,yes,87143,Closed,GPS Control Deviation,2026-05-05 16:50:32,no,,,
1858820910,yes,87401,Closed,GPS Control Deviation,2026-05-06 14:00:19,no,,,
1858831150,yes,88289,Closed,GPS Control Deviation,2026-05-08 18:12:13,no,,,
1858868860,yes,88291,Closed,GPS Control Deviation,2026-05-08 18:12:47,no,,,
1858908120,yes,88645,Closed,GPS Control Deviation,2026-05-09 19:35:21,no,,,
1858911480,yes,87400,Closed,GPS Control Deviation,2026-05-06 14:00:18,no,,,
1858915060,yes,88248,Closed,GPS Control Deviation,2026-05-08 18:01:07,no,,,
1858967800,yes,88379,Closed,GPS Control Deviation,2026-05-09 16:13:07,no,,,
1858971330,yes,90254,Closed,GPS Control Deviation,2026-05-14 11:00:52,no,,,
1858981530,yes,88287,Closed,GPS Control Deviation,2026-05-08 18:11:38,no,,,
1858984980,yes,88050,Closed,GPS Control Deviation,2026-05-08 11:04:06,no,,,
1858995670,yes,88260,Closed,GPS Control Deviation,2026-05-08 18:04:09,no,,,
1859039270,yes,88271,Closed,GPS Control Deviation,2026-05-08 18:07:09,no,,,
1859040300,yes,88042,Closed,GPS Control Deviation,2026-05-08 11:02:04,no,,,
1859065510,yes,88278,Closed,GPS Control Deviation,2026-05-08 18:09:07,no,,,
1859108920,yes,88383,Closed,GPS Control Deviation,2026-05-09 16:14:07,no,,,
1859128300,yes,88378,Closed,GPS Control Deviation,2026-05-09 16:12:48,no,,,
1859140010,yes,88269,Closed,GPS Control Deviation,2026-05-08 18:06:35,no,,,
1859149450,yes,87137,Closed,GPS Control Deviation,2026-05-05 16:48:41,no,,,
1859185290,yes,88403,Closed,GPS Control Deviation,2026-05-09 16:19:35,no,,,
1859192680,yes,87856,Closed,GPS Control Deviation,2026-05-07 18:03:07,no,,,
1859255200,yes,88509,Closed,GPS Control Deviation,2026-05-09 16:55:00,no,,,
1859268490,yes,88251,Closed,GPS Control Deviation,2026-05-08 18:01:54,no,,,
1859334340,yes,87899,Closed,GPS Control Deviation,2026-05-07 22:01:45,no,,,
1859370960,yes,88297,Closed,GPS Control Deviation,2026-05-08 18:14:41,no,,,
1859461730,yes,88583,Closed,GPS Control Deviation,2026-05-09 17:39:24,no,,,
1859507310,yes,88039,Closed,GPS Control Deviation,2026-05-08 11:01:13,no,,,
1859515640,yes,87759,Closed,GPS Control Deviation,2026-05-07 14:01:00,no,,,
1859519380,yes,90372,Closed,GPS Control Deviation,2026-05-14 14:02:53,no,,,
1859602470,yes,89593,Closed,GPS Control Deviation,2026-05-12 14:01:12,no,,,
1859627470,yes,87404,Closed,GPS Control Deviation,2026-05-06 14:00:53,no,,,
1859631390,yes,88262,Closed,GPS Control Deviation,2026-05-08 18:04:40,no,,,
1859645480,yes,87861,Closed,GPS Control Deviation,2026-05-07 18:04:36,no,,,
1859682680,yes,86124,Closed,GPS Control Deviation,2026-05-01 11:00:20,no,,,
1859704550,yes,85122,Closed,GPS Control Deviation,2026-04-28 19:07:22,no,,,
1859715960,yes,88576,Closed,GPS Control Deviation,2026-05-09 17:37:24,no,,,
1859769690,yes,88352,Closed,GPS Control Deviation,2026-05-09 12:44:49,no,,,
1859800670,yes,88577,Closed,GPS Control Deviation,2026-05-09 17:37:42,no,,,
1859801090,yes,88300,Closed,GPS Control Deviation,2026-05-08 18:15:34,no,,,
1859837380,yes,85115,Closed,GPS Control Deviation,2026-04-28 19:05:39,no,,,
1859839120,yes,88417,Closed,GPS Control Deviation,2026-05-09 16:22:57,no,,,
1859872390,yes,88285,Closed,GPS Control Deviation,2026-05-08 18:11:06,no,,,
1859896200,yes,88040,Closed,GPS Control Deviation,2026-05-08 11:01:30,no,,,
1859915610,yes,88376,Closed,GPS Control Deviation,2026-05-09 16:12:11,no,,,
1859925940,yes,88265,Closed,GPS Control Deviation,2026-05-08 18:05:29,no,,,
1859948480,yes,85139,Closed,GPS Control Deviation,2026-04-28 19:14:40,no,,,
1859948720,yes,88256,Closed,GPS Control Deviation,2026-05-08 18:03:01,no,,,
1859948970,yes,88374,Closed,GPS Control Deviation,2026-05-09 16:11:35,no,,,
1859972270,yes,88254,Closed,GPS Control Deviation,2026-05-08 18:02:26,no,,,
1860000010,yes,88272,Closed,GPS Control Deviation,2026-05-08 18:07:28,no,,,
1860033690,yes,88130,Closed,GPS Control Deviation,2026-05-08 14:00:36,no,,,
1860053630,yes,88276,Closed,GPS Control Deviation,2026-05-08 18:08:32,no,,,
1860108150,yes,88292,Closed,GPS Control Deviation,2026-05-08 18:13:04,no,,,
1860148080,yes,88245,Closed,GPS Control Deviation,2026-05-08 18:00:16,no,,,
1860153920,yes,88282,Closed,GPS Control Deviation,2026-05-08 18:10:15,no,,,
1860177180,yes,88246,Closed,GPS Control Deviation,2026-05-08 18:00:33,no,,,
1860337610,yes,88407,Closed,GPS Control Deviation,2026-05-09 16:20:40,no,,,
1860383900,yes,88595,Closed,GPS Control Deviation,2026-05-09 17:42:44,no,,,
1860411550,yes,88548,Closed,GPS Control Deviation,2026-05-09 17:29:16,no,,,
1860437800,yes,87897,Closed,GPS Control Deviation,2026-05-07 22:01:12,no,,,
1860438520,yes,85153|84644,Closed|Closed,GPS Control Deviation,2026-04-28 19:18:18,no,,,
1860443060,yes,88480,Closed,GPS Control Deviation,2026-05-09 16:47:02,no,,,
1860501860,yes,88348,Closed,GPS Control Deviation,2026-05-09 12:43:38,no,,,
1860543930,yes,88596,Closed,GPS Control Deviation,2026-05-09 17:43:00,no,,,
1860599670,yes,88339,Closed,GPS Control Deviation,2026-05-09 12:40:55,no,,,
1860615790,yes,88515,Closed,GPS Control Deviation,2026-05-09 16:56:39,no,,,
1860633640,yes,88664,Closed,GPS Control Deviation,2026-05-09 19:40:47,no,,,
1860634140,yes,88270,Closed,GPS Control Deviation,2026-05-08 18:06:51,no,,,
1860670880,yes,89611,Closed,GPS Control Deviation,2026-05-12 14:06:19,no,,,
1860712610,yes,90071,Closed,GPS Control Deviation,2026-05-13 18:00:51,no,,,
1860722700,yes,88284,Closed,GPS Control Deviation,2026-05-08 18:10:50,no,,,
1860729100,yes,88454,Closed,GPS Control Deviation,2026-05-09 16:39:46,no,,,
1860873470,yes,88471,Closed,GPS Control Deviation,2026-05-09 16:44:28,no,,,
1860893080,yes,88414,Closed,GPS Control Deviation,2026-05-09 16:22:23,no,,,
1860940600,yes,87848,Closed,GPS Control Deviation,2026-05-07 18:00:50,no,,,
1860943360,yes,88345,Closed,GPS Control Deviation,2026-05-09 12:42:45,no,,,
1861000070,yes,88409,Closed,GPS Control Deviation,2026-05-09 16:20:58,no,,,
1861051000,yes,83479,Closed,GPS Control Deviation,2026-04-24 00:04:34,no,,,
1861073780,yes,88427,Closed,GPS Control Deviation,2026-05-09 16:25:53,no,,,
1861094450,yes,88428,Closed,GPS Control Deviation,2026-05-09 16:26:10,no,,,
1861097240,yes,88380,Closed,GPS Control Deviation,2026-05-09 16:13:26,no,,,
1861148500,yes,86126,Closed,GPS Control Deviation,2026-05-01 11:01:01,no,,,
1861175670,yes,88343,Closed,GPS Control Deviation,2026-05-09 12:42:10,no,,,
1861203960,yes,88443,Closed,GPS Control Deviation,2026-05-09 16:36:43,no,,,
1861218550,yes,88505,Closed,GPS Control Deviation,2026-05-09 16:53:57,no,,,
1861230850,yes,88344,Closed,GPS Control Deviation,2026-05-09 12:42:28,no,,,
1861243470,yes,88131,Closed,GPS Control Deviation,2026-05-08 14:00:55,no,,,
1861312130,yes,88464,Closed,GPS Control Deviation,2026-05-09 16:42:40,no,,,
1861315290,yes,87896,Closed,GPS Control Deviation,2026-05-07 22:00:55,no,,,
1861318610,yes,85146,Closed,GPS Control Deviation,2026-04-28 19:16:21,no,,,
1861381540,yes,88041,Closed,GPS Control Deviation,2026-05-08 11:01:47,no,,,
1861385040,yes,88044,Closed,GPS Control Deviation,2026-05-08 11:02:37,no,,,
1861437570,yes,85105,Closed,GPS Control Deviation,2026-04-28 19:04:17,no,,,
1861471130,yes,85155,Closed,GPS Control Deviation,2026-04-28 19:18:35,no,,,
1861502680,yes,88047,Closed,GPS Control Deviation,2026-05-08 11:03:14,no,,,
1861536730,yes,88381,Closed,GPS Control Deviation,2026-05-09 16:13:46,no,,,
1861538540,yes,88447,Closed,GPS Control Deviation,2026-05-09 16:37:57,no,,,
1861558600,yes,85148,Closed,GPS Control Deviation,2026-04-28 19:16:37,no,,,
1861558900,yes,88561,Closed,GPS Control Deviation,2026-05-09 17:33:03,no,,,
1861559110,yes,88478,Closed,GPS Control Deviation,2026-05-09 16:46:28,no,,,
1861627690,yes,84645,Closed,GPS Control Deviation,2026-04-28 00:44:31,no,,,
1861629110,yes,88340,Closed,GPS Control Deviation,2026-05-09 12:41:15,no,,,
1861648390,yes,92276,Closed,GPS Control Deviation,2026-05-20 14:02:33,no,,,
1861687740,yes,88426,Closed,GPS Control Deviation,2026-05-09 16:25:36,no,,,
1861718190,yes,88043,Closed,GPS Control Deviation,2026-05-08 11:02:20,no,,,
1861723440,yes,88441,Closed,GPS Control Deviation,2026-05-09 16:36:01,no,,,
1861750370,yes,88129,Closed,GPS Control Deviation,2026-05-08 14:00:19,no,,,
1861766790,yes,88412,Closed,GPS Control Deviation,2026-05-09 16:21:46,no,,,
1861794730,yes,85134,Closed,GPS Control Deviation,2026-04-28 19:13:54,no,,,
1861838840,yes,88385,Closed,GPS Control Deviation,2026-05-09 16:14:52,no,,,
1861850440,yes,88353,Closed,GPS Control Deviation,2026-05-09 12:45:08,no,,,
1861863890,yes,90475,Closed,GPS Control Deviation,2026-05-14 18:00:51,no,,,
1861867400,yes,88628,Closed,GPS Control Deviation,2026-05-09 19:30:21,no,,,
1861878760,yes,88445,Closed,GPS Control Deviation,2026-05-09 16:37:22,no,,,
1861890480,yes,88547,Closed,GPS Control Deviation,2026-05-09 17:29:00,no,,,
1861982010,yes,88390,Closed,GPS Control Deviation,2026-05-09 16:16:17,no,,,
1861985690,yes,88498,Closed,GPS Control Deviation,2026-05-09 16:52:09,no,,,
1861996070,yes,88420,Closed,GPS Control Deviation,2026-05-09 16:23:49,no,,,
1862003700,yes,88386,Closed,GPS Control Deviation,2026-05-09 16:15:14,no,,,
1862065500,yes,92302,Closed,GPS Control Deviation,2026-05-20 14:10:23,no,,,
1862132970,yes,85094,Closed,GPS Control Deviation,2026-04-28 18:58:51,no,,,
1862137380,yes,88351,Closed,GPS Control Deviation,2026-05-09 12:44:32,no,,,
1862139230,yes,88350,Closed,GPS Control Deviation,2026-05-09 12:44:15,no,,,
1862139520,yes,89600,Closed,GPS Control Deviation,2026-05-12 14:03:10,no,,,
1862205240,yes,88474,Closed,GPS Control Deviation,2026-05-09 16:45:17,no,,,
1862261280,yes,90460,Closed,GPS Control Deviation,2026-05-14 17:05:02,no,,,
1862278760,yes,88418,Closed,GPS Control Deviation,2026-05-09 16:23:15,no,,,
1862319170,yes,88452,Closed,GPS Control Deviation,2026-05-09 16:39:07,no,,,
1862323980,yes,88450,Closed,GPS Control Deviation,2026-05-09 16:38:31,no,,,
1862482040,yes,85098,Closed,GPS Control Deviation,2026-04-28 19:00:06,no,,,
1862521560,yes,88436,Closed,GPS Control Deviation,2026-05-09 16:34:32,no,,,
1862531660,yes,88451,Closed,GPS Control Deviation,2026-05-09 16:38:49,no,,,
1862553730,yes,88399,Closed,GPS Control Deviation,2026-05-09 16:18:30,no,,,
1862553740,yes,88423,Closed,GPS Control Deviation,2026-05-09 16:24:47,no,,,
1862553750,yes,88641,Closed,GPS Control Deviation,2026-05-09 19:34:09,no,,,
1862553790,yes,88666,Closed,GPS Control Deviation,2026-05-09 19:41:20,no,,,
1862553830,yes,88648,Closed,GPS Control Deviation,2026-05-09 19:36:17,no,,,
1862553850,yes,91255,Closed,GPS Control Deviation,2026-05-18 14:01:05,no,,,
1862555030,yes,92291,Closed,GPS Control Deviation,2026-05-20 14:07:13,no,,,
1862600470,yes,92720,Open,GPS Control Deviation,2026-05-21 14:02:21,no,,,
1862602780,yes,89595,Closed,GPS Control Deviation,2026-05-12 14:01:47,no,,,
1862676720,yes,88676,Closed,GPS Control Deviation,2026-05-09 19:44:04,no,,,
1862680770,yes,88392,Closed,GPS Control Deviation,2026-05-09 16:16:55,no,,,
1862729230,yes,88391,Closed,GPS Control Deviation,2026-05-09 16:16:36,no,,,
1862733940,yes,90456,Closed,GPS Control Deviation,2026-05-14 17:03:46,no,,,
1862751320,yes,88512,Closed,GPS Control Deviation,2026-05-09 16:55:50,no,,,
1862768710,yes,85143,Closed,GPS Control Deviation,2026-04-28 19:16:03,no,,,
1862784520,yes,89983,Closed,GPS Control Deviation,2026-05-13 14:05:04,no,,,
1862785430,yes,85156,Closed,GPS Control Deviation,2026-04-28 19:18:37,no,,,
1862863300,yes,88396,Closed,GPS Control Deviation,2026-05-09 16:17:58,no,,,
1862863940,yes,88440,Closed,GPS Control Deviation,2026-05-09 16:35:45,no,,,
1862897820,yes,88646,Closed,GPS Control Deviation,2026-05-09 19:35:40,no,,,
1862906690,yes,85126|84646,Closed|Closed,GPS Control Deviation,2026-04-28 19:07:53,no,,,
1862909010,yes,88687,Closed,GPS Control Deviation,2026-05-09 19:47:12,no,,,
1862913630,yes,85141,Closed,GPS Control Deviation,2026-04-28 19:14:56,no,,,
1862915320,yes,88453,Closed,GPS Control Deviation,2026-05-09 16:39:24,no,,,
1862948450,yes,84647,Closed,GPS Control Deviation,2026-04-28 01:52:37,no,,,
1862983880,yes,89299,Closed,GPS Control Deviation,2026-05-12 08:00:18,no,,,
1862988670,yes,89965,Closed,GPS Control Deviation,2026-05-13 14:01:25,no,,,
1863011710,yes,88425,Closed,GPS Control Deviation,2026-05-09 16:25:20,no,,,
1863020310,yes,88439,Closed,GPS Control Deviation,2026-05-09 16:35:22,no,,,
1863023040,yes,85119,Closed,GPS Control Deviation,2026-04-28 19:06:12,no,,,
1863025150,yes,83522,Closed,GPS Control Deviation,2026-04-24 08:10:30,no,,,
1863052620,yes,90364,Closed,GPS Control Deviation,2026-05-14 14:00:53,no,,,
1863088340,yes,85150,Closed,GPS Control Deviation,2026-04-28 19:16:55,no,,,
1863098890,yes,90367,Closed,GPS Control Deviation,2026-05-14 14:01:34,no,,,
1863121140,yes,88534,Closed,GPS Control Deviation,2026-05-09 17:01:36,no,,,
1863136480,yes,89980,Closed,GPS Control Deviation,2026-05-13 14:04:40,no,,,
1863222250,yes,89301|89242,Closed|Closed,GPS Control Deviation,2026-05-12 08:00:50,no,,,
1863257360,yes,88462,Closed,GPS Control Deviation,2026-05-09 16:42:08,no,,,
1863276590,yes,90669,Closed,GPS Control Deviation,2026-05-15 14:02:11,no,,,
1863322990,yes,89472,Closed,GPS Control Deviation,2026-05-12 11:00:38,no,,,
1863349150,yes,88472,Closed,GPS Control Deviation,2026-05-09 16:44:44,no,,,
1863359360,yes,88405,Closed,GPS Control Deviation,2026-05-09 16:20:08,no,,,
1863389610,yes,88625,Closed,GPS Control Deviation,2026-05-09 19:29:30,no,,,
1863419510,yes,88491,Closed,GPS Control Deviation,2026-05-09 16:50:02,no,,,
1863420030,yes,92860,Open,GPS Control Deviation,2026-05-21 23:10:44,no,,,
1863443160,yes,88525,Closed,GPS Control Deviation,2026-05-09 16:59:30,no,,,
1863448780,yes,88456,Closed,GPS Control Deviation,2026-05-09 16:40:19,no,,,
1863458850,yes,90256,Closed,GPS Control Deviation,2026-05-14 11:01:14,no,,,
1863464530,yes,88634,Closed,GPS Control Deviation,2026-05-09 19:32:04,no,,,
1863576910,yes,88459,Closed,GPS Control Deviation,2026-05-09 16:41:16,no,,,
1863592490,yes,88422,Closed,GPS Control Deviation,2026-05-09 16:24:29,no,,,
1863593650,yes,90751,Closed,GPS Control Deviation,2026-05-15 16:24:06,no,,,
1863634270,yes,88496,Closed,GPS Control Deviation,2026-05-09 16:51:35,no,,,
1863665630,yes,88402,Closed,GPS Control Deviation,2026-05-09 16:19:19,no,,,
1863685980,yes,88483,Closed,GPS Control Deviation,2026-05-09 16:47:56,no,,,
1863728960,yes,88437,Closed,GPS Control Deviation,2026-05-09 16:34:48,no,,,
1863738750,yes,88701,Closed,GPS Control Deviation,2026-05-09 19:51:07,no,,,
1863742700,yes,89602,Closed,GPS Control Deviation,2026-05-12 14:03:44,no,,,
1863794300,yes,91100,Closed,GPS Control Deviation,2026-05-18 11:00:10,no,,,
1863806110,yes,90072,Closed,GPS Control Deviation,2026-05-13 18:01:15,no,,,
1863832450,yes,88401,Closed,GPS Control Deviation,2026-05-09 16:19:03,no,,,
1863849230,yes,88486,Closed,GPS Control Deviation,2026-05-09 16:48:48,no,,,
1863853690,yes,88400,Closed,GPS Control Deviation,2026-05-09 16:18:46,no,,,
1863867110,yes,89474,Closed,GPS Control Deviation,2026-05-12 11:01:14,no,,,
1863873220,yes,89968,Closed,GPS Control Deviation,2026-05-13 14:02:23,no,,,
1863894470,yes,88528,Closed,GPS Control Deviation,2026-05-09 17:00:22,no,,,
1863900450,yes,88495,Closed,GPS Control Deviation,2026-05-09 16:51:16,no,,,
1863988880,yes,88682,Closed,GPS Control Deviation,2026-05-09 19:45:49,no,,,
1863989830,yes,88393,Closed,GPS Control Deviation,2026-05-09 16:17:11,no,,,
1864087690,yes,88690,Closed,GPS Control Deviation,2026-05-09 19:48:05,no,,,
1864092520,yes,88475,Closed,GPS Control Deviation,2026-05-09 16:45:34,no,,,
1864121460,yes,88433,Closed,GPS Control Deviation,2026-05-09 16:33:41,no,,,
1864125540,yes,88404,Closed,GPS Control Deviation,2026-05-09 16:19:52,no,,,
1864129550,yes,89243,Closed,GPS Control Deviation,2026-05-11 18:42:25,no,,,
1864130950,yes,89606,Closed,GPS Control Deviation,2026-05-12 14:04:51,no,,,
1864156080,yes,88397,Closed,GPS Control Deviation,2026-05-09 16:18:14,no,,,
1864229240,yes,89275,Closed,GPS Control Deviation,2026-05-11 22:02:44,no,,,
1864261370,yes,88468,Closed,GPS Control Deviation,2026-05-09 16:43:49,no,,,
1864383610,yes,88446,Closed,GPS Control Deviation,2026-05-09 16:37:40,no,,,
1864393020,yes,92861,Open,GPS Control Deviation,2026-05-21 23:16:10,no,,,
1864416350,yes,88665,Closed,GPS Control Deviation,2026-05-09 19:41:02,no,,,
1864429650,yes,91250,Closed,GPS Control Deviation,2026-05-18 14:00:11,no,,,
1864429780,yes,88467,Closed,GPS Control Deviation,2026-05-09 16:43:32,no,,,
1864470340,yes,88536,Closed,GPS Control Deviation,2026-05-09 17:02:10,no,,,
1864483860,yes,88532,Closed,GPS Control Deviation,2026-05-09 17:01:04,no,,,
1864509660,yes,88503,Closed,GPS Control Deviation,2026-05-09 16:53:39,no,,,
1864515330,yes,88620,Closed,GPS Control Deviation,2026-05-09 19:28:02,no,,,
1864537210,yes,92414,Closed,GPS Control Deviation,2026-05-20 18:55:10,no,,,
1864554530,yes,88497,Closed,GPS Control Deviation,2026-05-09 16:51:52,no,,,
1864572500,yes,88693,Closed,GPS Control Deviation,2026-05-09 19:48:56,no,,,
1864580660,yes,90679,Closed,GPS Control Deviation,2026-05-15 14:05:35,no,,,
1864624320,yes,88616,Closed,GPS Control Deviation,2026-05-09 19:26:55,no,,,
1864645710,yes,88507,Closed,GPS Control Deviation,2026-05-09 16:54:28,no,,,
1864656810,yes,90255,Closed,GPS Control Deviation,2026-05-14 11:01:02,no,,,
1864673950,yes,88457,Closed,GPS Control Deviation,2026-05-09 16:40:41,no,,,
1864709880,yes,90373,Closed,GPS Control Deviation,2026-05-14 14:03:14,no,,,
1864745070,yes,92282,Closed,GPS Control Deviation,2026-05-20 14:04:25,no,,,
1864775090,yes,88705|88544,Closed|Closed,GPS Control Deviation,2026-05-09 19:55:11,no,,,
1864781930,yes,89302|89239,Closed|Closed,GPS Control Deviation,2026-05-12 08:01:06,no,,,
1864784480,yes,88530,Closed,GPS Control Deviation,2026-05-09 17:00:39,no,,,
1864788720,yes,88429,Closed,GPS Control Deviation,2026-05-09 16:31:53,no,,,
1864796540,yes,89605,Closed,GPS Control Deviation,2026-05-12 14:04:35,no,,,
1864804880,yes,89273,Closed,GPS Control Deviation,2026-05-11 22:02:13,no,,,
1864810640,yes,88463,Closed,GPS Control Deviation,2026-05-09 16:42:24,no,,,
1864936690,yes,89473,Closed,GPS Control Deviation,2026-05-12 11:00:56,no,,,
1864956950,yes,89982,Closed,GPS Control Deviation,2026-05-13 14:04:58,no,,,
1864957890,yes,88438,Closed,GPS Control Deviation,2026-05-09 16:35:04,no,,,
1864961170,yes,90377,Closed,GPS Control Deviation,2026-05-14 14:04:14,no,,,
1864990150,yes,88479,Closed,GPS Control Deviation,2026-05-09 16:46:45,no,,,
1865000850,yes,89604,Closed,GPS Control Deviation,2026-05-12 14:04:18,no,,,
1865155110,yes,88603,Closed,GPS Control Deviation,2026-05-09 17:44:57,no,,,
1865172720,yes,89973,Closed,GPS Control Deviation,2026-05-13 14:02:58,no,,,
1865179530,yes,90457,Closed,GPS Control Deviation,2026-05-14 17:04:06,no,,,
1865183280,yes,88553,Closed,GPS Control Deviation,2026-05-09 17:30:41,no,,,
1865199710,yes,88555,Closed,GPS Control Deviation,2026-05-09 17:31:17,no,,,
1865209530,yes,88703,Closed,GPS Control Deviation,2026-05-09 19:51:40,no,,,
1865209610,yes,89598,Closed,GPS Control Deviation,2026-05-12 14:02:37,no,,,
1865213970,yes,88702,Closed,GPS Control Deviation,2026-05-09 19:51:24,no,,,
1865260190,yes,88549,Closed,GPS Control Deviation,2026-05-09 17:29:32,no,,,
1865270150,yes,90458,Closed,GPS Control Deviation,2026-05-14 17:04:23,no,,,
1865291650,yes,88567,Closed,GPS Control Deviation,2026-05-09 17:34:48,no,,,
1865300920,yes,89978,Closed,GPS Control Deviation,2026-05-13 14:03:46,no,,,
1865307840,yes,88615,Closed,GPS Control Deviation,2026-05-09 19:26:39,no,,,
1865331590,yes,90464,Closed,GPS Control Deviation,2026-05-14 17:05:55,no,,,
1865377830,yes,89614,Closed,GPS Control Deviation,2026-05-12 14:07:11,no,,,
1865380670,yes,88619,Closed,GPS Control Deviation,2026-05-09 19:27:45,no,,,
1865383760,yes,88554,Closed,GPS Control Deviation,2026-05-09 17:30:57,no,,,
1865396720,yes,88504,Closed,GPS Control Deviation,2026-05-09 16:53:42,no,,,
1865412890,yes,89479,Closed,GPS Control Deviation,2026-05-12 11:02:21,no,,,
1865422570,yes,88635,Closed,GPS Control Deviation,2026-05-09 19:32:24,no,,,
1865434170,yes,88435,Closed,GPS Control Deviation,2026-05-09 16:34:15,no,,,
1865440650,yes,89966,Closed,GPS Control Deviation,2026-05-13 14:01:29,no,,,
1865455350,yes,91957,Closed,GPS Control Deviation,2026-05-19 18:05:53,no,,,
1865492320,yes,88545,Closed,GPS Control Deviation,2026-05-09 17:28:26,no,,,
1865532360,yes,88542,Closed,GPS Control Deviation,2026-05-09 17:03:37,no,,,
1865549030,yes,91254,Closed,GPS Control Deviation,2026-05-18 14:00:59,no,,,
1865568110,yes,89612,Closed,GPS Control Deviation,2026-05-12 14:06:35,no,,,
1865587200,yes,90253,Closed,GPS Control Deviation,2026-05-14 11:00:45,no,,,
1865590940,yes,88518,Closed,GPS Control Deviation,2026-05-09 16:57:32,no,,,
1865592840,yes,90670,Closed,GPS Control Deviation,2026-05-15 14:02:28,no,,,
1865618290,yes,89960,Closed,GPS Control Deviation,2026-05-13 14:00:35,no,,,
1865641650,yes,88674,Closed,GPS Control Deviation,2026-05-09 19:43:33,no,,,
1865645490,yes,88696,Closed,GPS Control Deviation,2026-05-09 19:49:46,no,,,
1865645630,yes,88492,Closed,GPS Control Deviation,2026-05-09 16:50:20,no,,,
1865654320,yes,89480,Closed,GPS Control Deviation,2026-05-12 11:02:37,no,,,
1865669820,yes,90249|90250,Closed|Closed,GPS Control Deviation,2026-05-14 11:00:10,no,,,
1865678350,yes,89476,Closed,GPS Control Deviation,2026-05-12 11:01:47,no,,,
1865680390,yes,88406,Closed,GPS Control Deviation,2026-05-09 16:20:24,no,,,
1865697140,yes,88582,Closed,GPS Control Deviation,2026-05-09 17:39:08,no,,,
1865701580,yes,88477,Closed,GPS Control Deviation,2026-05-09 16:46:10,no,,,
1865721010,yes,88659,Closed,GPS Control Deviation,2026-05-09 19:39:27,no,,,
1865732380,yes,89274,Closed,GPS Control Deviation,2026-05-11 22:02:28,no,,,
1865745910,yes,88592,Closed,GPS Control Deviation,2026-05-09 17:41:55,no,,,
1865747360,yes,88487,Closed,GPS Control Deviation,2026-05-09 16:48:49,no,,,
1865755020,yes,88661,Closed,GPS Control Deviation,2026-05-09 19:39:59,no,,,
1865768890,yes,90474,Closed,GPS Control Deviation,2026-05-14 18:00:11,no,,,
1865775990,yes,88510,Closed,GPS Control Deviation,2026-05-09 16:55:17,no,,,
1865776260,yes,90362,Closed,GPS Control Deviation,2026-05-14 14:00:14,no,,,
1865787130,yes,88411,Closed,GPS Control Deviation,2026-05-09 16:21:31,no,,,
1865787260,yes,88473,Closed,GPS Control Deviation,2026-05-09 16:45:00,no,,,
1865791280,yes,90462,Closed,GPS Control Deviation,2026-05-14 17:05:20,no,,,
1865792180,yes,88680,Closed,GPS Control Deviation,2026-05-09 19:45:16,no,,,
1865797950,yes,88481,Closed,GPS Control Deviation,2026-05-09 16:47:20,no,,,
1865798990,yes,90674,Closed,GPS Control Deviation,2026-05-15 14:03:47,no,,,
1865799080,yes,89477,Closed,GPS Control Deviation,2026-05-12 11:02:03,no,,,
1865805160,yes,90258,Closed,GPS Control Deviation,2026-05-14 11:01:31,no,,,
1865809580,yes,88660,Closed,GPS Control Deviation,2026-05-09 19:39:43,no,,,
1865813020,yes,89972,Closed,GPS Control Deviation,2026-05-13 14:02:52,no,,,
1865860670,yes,88489,Closed,GPS Control Deviation,2026-05-09 16:49:25,no,,,
1865878250,yes,88600,Closed,GPS Control Deviation,2026-05-09 17:44:09,no,,,
1865902750,yes,89958|89957,Closed|Closed,GPS Control Deviation,2026-05-13 14:00:20,no,,,
1865906820,yes,89974,Closed,GPS Control Deviation,2026-05-13 14:03:10,no,,,
1865928660,yes,90257,Closed,GPS Control Deviation,2026-05-14 11:01:20,no,,,
1865942070,yes,92410,Closed,GPS Control Deviation,2026-05-20 18:53:58,no,,,
1865966760,yes,88569,Closed,GPS Control Deviation,2026-05-09 17:35:23,no,,,
1865987650,yes,88432,Closed,GPS Control Deviation,2026-05-09 16:33:25,no,,,
1865988910,yes,89959,Closed,GPS Control Deviation,2026-05-13 14:00:35,no,,,
1865998520,yes,91771,Closed,GPS Control Deviation,2026-05-19 14:00:35,no,,,
1866027340,yes,90070,Closed,GPS Control Deviation,2026-05-13 18:00:30,no,,,
1866052080,yes,91768,Closed,GPS Control Deviation,2026-05-19 14:00:28,no,,,
1866071650,yes,88657,Closed,GPS Control Deviation,2026-05-09 19:38:55,no,,,
1866078470,yes,90374,Closed,GPS Control Deviation,2026-05-14 14:03:34,no,,,
1866087450,yes,90251,Closed,GPS Control Deviation,2026-05-14 11:00:28,no,,,
1866108300,yes,88653,Closed,GPS Control Deviation,2026-05-09 19:37:47,no,,,
1866124290,yes,88662,Closed,GPS Control Deviation,2026-05-09 19:40:15,no,,,
1866138350,yes,88494,Closed,GPS Control Deviation,2026-05-09 16:50:58,no,,,
1866140880,yes,90375,Closed,GPS Control Deviation,2026-05-14 14:03:54,no,,,
1866165180,yes,91260,Closed,GPS Control Deviation,2026-05-18 14:01:41,no,,,
1866182750,yes,88585,Closed,GPS Control Deviation,2026-05-09 17:39:55,no,,,
1866199530,yes,88524,Closed,GPS Control Deviation,2026-05-09 16:59:14,no,,,
1866208580,yes,88624,Closed,GPS Control Deviation,2026-05-09 19:29:11,no,,,
1866293280,yes,88535,Closed,GPS Control Deviation,2026-05-09 17:01:53,no,,,
1866305830,yes,88520,Closed,GPS Control Deviation,2026-05-09 16:58:05,no,,,
1866339270,yes,90452,Closed,GPS Control Deviation,2026-05-14 17:02:33,no,,,
1866349120,yes,89594,Closed,GPS Control Deviation,2026-05-12 14:01:29,no,,,
1866373240,yes,91251,Closed,GPS Control Deviation,2026-05-18 14:00:11,no,,,
1866375850,yes,88533,Closed,GPS Control Deviation,2026-05-09 17:01:21,no,,,
1866395080,yes,88431,Closed,GPS Control Deviation,2026-05-09 16:33:09,no,,,
1866405850,yes,88590,Closed,GPS Control Deviation,2026-05-09 17:41:22,no,,,
1866406240,yes,88488,Closed,GPS Control Deviation,2026-05-09 16:49:06,no,,,
1866411190,yes,88508,Closed,GPS Control Deviation,2026-05-09 16:54:44,no,,,
1866451770,yes,88656,Closed,GPS Control Deviation,2026-05-09 19:38:39,no,,,
1866453540,yes,89244,Closed,GPS Control Deviation,2026-05-11 18:42:41,no,,,
1866472030,yes,88550,Closed,GPS Control Deviation,2026-05-09 17:29:48,no,,,
1866484320,yes,88670,Closed,GPS Control Deviation,2026-05-09 19:42:30,no,,,
1866528720,yes,88546,Closed,GPS Control Deviation,2026-05-09 17:28:44,no,,,
1866534020,yes,88691,Closed,GPS Control Deviation,2026-05-09 19:48:22,no,,,
1866555220,yes,90252,Closed,GPS Control Deviation,2026-05-14 11:00:31,no,,,
1866593570,yes,88501,Closed,GPS Control Deviation,2026-05-09 16:53:01,no,,,
1866602090,yes,88434,Closed,GPS Control Deviation,2026-05-09 16:33:59,no,,,
1866614010,yes,88514,Closed,GPS Control Deviation,2026-05-09 16:56:22,no,,,
1866629420,yes,88531,Closed,GPS Control Deviation,2026-05-09 17:00:45,no,,,
1866633340,yes,88500,Closed,GPS Control Deviation,2026-05-09 16:52:44,no,,,
1866656650,yes,88667,Closed,GPS Control Deviation,2026-05-09 19:41:36,no,,,
1866664480,yes,88673,Closed,GPS Control Deviation,2026-05-09 19:43:17,no,,,
1866721470,yes,90369,Closed,GPS Control Deviation,2026-05-14 14:02:12,no,,,
1866770580,yes,88579,Closed,GPS Control Deviation,2026-05-09 17:38:17,no,,,
1866770790,yes,90368,Closed,GPS Control Deviation,2026-05-14 14:01:54,no,,,
1866774280,yes,90459,Closed,GPS Control Deviation,2026-05-14 17:04:41,no,,,
1866788400,yes,90664,Closed,GPS Control Deviation,2026-05-15 14:00:27,no,,,
1866853020,yes,88560,Closed,GPS Control Deviation,2026-05-09 17:32:46,no,,,
1866877090,yes,88586,Closed,GPS Control Deviation,2026-05-09 17:40:13,no,,,
1866891300,yes,90465,Closed,GPS Control Deviation,2026-05-14 17:06:15,no,,,
1866914320,yes,90450,Closed,GPS Control Deviation,2026-05-14 17:02:15,no,,,
1866945830,yes,88543,Closed,GPS Control Deviation,2026-05-09 17:03:55,no,,,
1866967230,yes,88669,Closed,GPS Control Deviation,2026-05-09 19:42:14,no,,,
1867258960,yes,88699,Closed,GPS Control Deviation,2026-05-09 19:50:35,no,,,
1867303030,yes,88695,Closed,GPS Control Deviation,2026-05-09 19:49:30,no,,,
1867303050,yes,88681,Closed,GPS Control Deviation,2026-05-09 19:45:32,no,,,
1867318810,yes,90665,Closed,GPS Control Deviation,2026-05-15 14:00:47,no,,,
1867348970,yes,88637,Closed,GPS Control Deviation,2026-05-09 19:32:59,no,,,
1867358700,yes,88677,Closed,GPS Control Deviation,2026-05-09 19:44:21,no,,,
1867375700,yes,91263,Closed,GPS Control Deviation,2026-05-18 14:02:29,no,,,
1867381380,yes,90463,Closed,GPS Control Deviation,2026-05-14 17:05:37,no,,,
1867386010,yes,91252,Closed,GPS Control Deviation,2026-05-18 14:00:28,no,,,
1867449440,yes,88675,Closed,GPS Control Deviation,2026-05-09 19:43:49,no,,,
1867514070,yes,88588,Closed,GPS Control Deviation,2026-05-09 17:40:47,no,,,
1867530990,yes,88704,Closed,GPS Control Deviation,2026-05-09 19:51:57,no,,,
1867540860,yes,88541,Closed,GPS Control Deviation,2026-05-09 17:03:21,no,,,
1867552340,yes,90259,Closed,GPS Control Deviation,2026-05-14 11:02:15,no,,,
1867569440,yes,90466,Closed,GPS Control Deviation,2026-05-14 17:06:32,no,,,
1867660090,yes,90069,Closed,GPS Control Deviation,2026-05-13 18:00:10,no,,,
1867749370,yes,92721,Open,GPS Control Deviation,2026-05-21 14:02:38,no,,,
1867835390,yes,88558,Closed,GPS Control Deviation,2026-05-09 17:32:13,no,,,
1867852730,yes,88694,Closed,GPS Control Deviation,2026-05-09 19:49:14,no,,,
1867885480,yes,88571,Closed,GPS Control Deviation,2026-05-09 17:35:55,no,,,
1867906190,yes,88629,Closed,GPS Control Deviation,2026-05-09 19:30:38,no,,,
1867908460,yes,90746,Closed,GPS Control Deviation,2026-05-15 16:22:32,no,,,
1867910910,yes,88570,Closed,GPS Control Deviation,2026-05-09 17:35:39,no,,,
1867928680,yes,88597,Closed,GPS Control Deviation,2026-05-09 17:43:16,no,,,
1867930190,yes,88614,Closed,GPS Control Deviation,2026-05-09 19:26:22,no,,,
1867941860,yes,88684,Closed,GPS Control Deviation,2026-05-09 19:46:23,no,,,
1868039310,yes,91253,Closed,GPS Control Deviation,2026-05-18 14:00:37,no,,,
1868046220,yes,92162,Closed,GPS Control Deviation,2026-05-20 11:02:30,no,,,
1868195000,yes,92418,Closed,GPS Control Deviation,2026-05-20 18:56:19,no,,,
1868212480,yes,90667,Closed,GPS Control Deviation,2026-05-15 14:01:33,no,,,
1868227650,yes,90676,Closed,GPS Control Deviation,2026-05-15 14:04:31,no,,,
1868299570,yes,90748,Closed,GPS Control Deviation,2026-05-15 16:23:11,no,,,
1868364910,yes,92279,Closed,GPS Control Deviation,2026-05-20 14:03:31,no,,,
1868404170,yes,88598,Closed,GPS Control Deviation,2026-05-09 17:43:33,no,,,
1868410760,yes,88692,Closed,GPS Control Deviation,2026-05-09 19:48:40,no,,,
1868492140,yes,88623,Closed,GPS Control Deviation,2026-05-09 19:28:53,no,,,
1868539040,yes,92723,Open,GPS Control Deviation,2026-05-21 14:03:11,no,,,
1868569860,yes,91261,Closed,GPS Control Deviation,2026-05-18 14:02:12,no,,,
1868611580,yes,88627,Closed,GPS Control Deviation,2026-05-09 19:30:04,no,,,
1868653930,yes,92717,Open,GPS Control Deviation,2026-05-21 14:00:28,no,,,
1868663890,yes,88672,Closed,GPS Control Deviation,2026-05-09 19:43:01,no,,,
1868688970,yes,88581,Closed,GPS Control Deviation,2026-05-09 17:38:49,no,,,
1868697990,yes,91976,Closed,GPS Control Deviation,2026-05-19 19:09:34,no,,,
1868724770,yes,88617,Closed,GPS Control Deviation,2026-05-09 19:27:12,no,,,
1868728360,yes,88668,Closed,GPS Control Deviation,2026-05-09 19:41:52,no,,,
1868731190,yes,90683,Closed,GPS Control Deviation,2026-05-15 14:07:19,no,,,
1868842010,yes,88649,Closed,GPS Control Deviation,2026-05-09 19:36:36,no,,,
1868933720,yes,91109,Closed,GPS Control Deviation,2026-05-18 11:01:17,no,,,
1868964160,yes,90682,Closed,GPS Control Deviation,2026-05-15 14:06:56,no,,,
1868985360,yes,88636,Closed,GPS Control Deviation,2026-05-09 19:32:42,no,,,
1868987500,yes,88419,Closed,GPS Control Deviation,2026-05-09 16:23:32,no,,,
1868994010,yes,88587,Closed,GPS Control Deviation,2026-05-09 17:40:30,no,,,
1869155350,yes,88643,Closed,GPS Control Deviation,2026-05-09 19:34:45,no,,,
1869194970,yes,88599|88449,Closed|Closed,GPS Control Deviation,2026-05-09 17:43:52,no,,,
1869298440,yes,91256,Closed,GPS Control Deviation,2026-05-18 14:01:21,no,,,
1869335120,yes,90671,Closed,GPS Control Deviation,2026-05-15 14:02:52,no,,,
1869343940,yes,88578,Closed,GPS Control Deviation,2026-05-09 17:38:00,no,,,
1869348250,yes,88632,Closed,GPS Control Deviation,2026-05-09 19:31:31,no,,,
1869359550,yes,90680,Closed,GPS Control Deviation,2026-05-15 14:06:22,no,,,
1869386580,yes,88589,Closed,GPS Control Deviation,2026-05-09 17:41:05,no,,,
1869397330,yes,88638,Closed,GPS Control Deviation,2026-05-09 19:33:16,no,,,
1869415480,yes,88631,Closed,GPS Control Deviation,2026-05-09 19:31:13,no,,,
1869434080,yes,92028|91959,Closed|Closed,GPS Control Deviation,2026-05-20 08:00:29,no,,,
1869447120,yes,88642,Closed,GPS Control Deviation,2026-05-09 19:34:27,no,,,
1869452960,yes,88564,Closed,GPS Control Deviation,2026-05-09 17:33:57,no,,,
1869454040,yes,88594,Closed,GPS Control Deviation,2026-05-09 17:42:28,no,,,
1869454600,yes,88442,Closed,GPS Control Deviation,2026-05-09 16:36:20,no,,,
1869458670,yes,88640,Closed,GPS Control Deviation,2026-05-09 19:33:52,no,,,
1869505550,yes,88574,Closed,GPS Control Deviation,2026-05-09 17:36:46,no,,,
1869511660,yes,88575,Closed,GPS Control Deviation,2026-05-09 17:37:05,no,,,
1869593700,yes,92158,Closed,GPS Control Deviation,2026-05-20 11:01:10,no,,,
1869660710,yes,90672,Closed,GPS Control Deviation,2026-05-15 14:03:16,no,,,
1869677160,yes,91257,Closed,GPS Control Deviation,2026-05-18 14:01:23,no,,,
1869698530,yes,88591,Closed,GPS Control Deviation,2026-05-09 17:41:39,no,,,
1869850360,yes,88572,Closed,GPS Control Deviation,2026-05-09 17:36:12,no,,,
1869875150,yes,92718,Open,GPS Control Deviation,2026-05-21 14:01:47,no,,,
1869876820,yes,92405,Closed,GPS Control Deviation,2026-05-20 18:50:44,no,,,
1869920870,yes,92400,Closed,GPS Control Deviation,2026-05-20 18:30:33,no,,,
1869928030,yes,90749,Closed,GPS Control Deviation,2026-05-15 16:23:32,no,,,
1869947900,yes,91970,Closed,GPS Control Deviation,2026-05-19 18:58:03,no,,,
1869983930,yes,91424,Closed,GPS Control Deviation,2026-05-18 18:43:04,no,,,
1869989900,yes,88652,Closed,GPS Control Deviation,2026-05-09 19:37:28,no,,,
1870001310,yes,91404,Closed,GPS Control Deviation,2026-05-18 18:27:04,no,,,
1870110190,yes,92724,Open,GPS Control Deviation,2026-05-21 14:03:28,no,,,
1870207030,yes,90678,Closed,GPS Control Deviation,2026-05-15 14:05:16,no,,,
1870244940,yes,91103,Closed,GPS Control Deviation,2026-05-18 11:00:31,no,,,
1870334730,yes,88644,Closed,GPS Control Deviation,2026-05-09 19:35:02,no,,,
1870335080,yes,92719,Open,GPS Control Deviation,2026-05-21 14:02:04,no,,,
1870352350,yes,92278,Closed,GPS Control Deviation,2026-05-20 14:03:12,no,,,
1870389070,yes,92030|91986,Closed|Closed,GPS Control Deviation,2026-05-20 08:01:07,no,,,
1870391780,yes,91102,Closed,GPS Control Deviation,2026-05-18 11:00:27,no,,,
1870436430,yes,92280,Closed,GPS Control Deviation,2026-05-20 14:03:49,no,,,
1870522760,yes,92853,Open,GPS Control Deviation,2026-05-21 22:34:40,no,,,
1870534850,yes,92164,Closed,GPS Control Deviation,2026-05-20 11:02:48,no,,,
1870536710,yes,90747,Closed,GPS Control Deviation,2026-05-15 16:22:51,no,,,
1870559090,yes,92864,Open,GPS Control Deviation,2026-05-21 23:30:44,no,,,
1870728800,yes,90745,Closed,GPS Control Deviation,2026-05-15 16:22:14,no,,,
1870787640,yes,91107,Closed,GPS Control Deviation,2026-05-18 11:01:01,no,,,
1871055630,yes,92416,Closed,GPS Control Deviation,2026-05-20 18:55:46,no,,,
1871058590,yes,91528|91441,Closed|Closed,GPS Control Deviation,2026-05-19 08:00:11,no,,,
1871064140,yes,92392,Closed,GPS Control Deviation,2026-05-20 18:13:28,no,,,
1871068910,yes,92855,Open,GPS Control Deviation,2026-05-21 22:44:48,no,,,
1871070800,yes,92563,Closed,GPS Control Deviation,2026-05-21 11:00:38,no,,,
1871101850,yes,92031|92003|91979,Closed|Closed|Closed,GPS Control Deviation,2026-05-20 08:01:26,no,,,
1871123920,yes,92285,Closed,GPS Control Deviation,2026-05-20 14:05:00,no,,,
1871146540,yes,88604,Closed,GPS Control Deviation,2026-05-09 17:45:13,no,,,
1871155350,yes,91764,Closed,GPS Control Deviation,2026-05-19 14:00:10,no,,,
1871176460,yes,91506|91445,Closed|Closed,GPS Control Deviation,2026-05-18 22:38:33,no,,,
1871197710,yes,92415,Closed,GPS Control Deviation,2026-05-20 18:55:29,no,,,
1871301080,yes,92562,Closed,GPS Control Deviation,2026-05-21 11:00:37,no,,,
1871409580,yes,92561|92560,Closed|Closed,GPS Control Deviation,2026-05-21 11:00:11,no,,,
1871433550,yes,92852,Open,GPS Control Deviation,2026-05-21 22:29:30,no,,,
1871476390,yes,92722,Open,GPS Control Deviation,2026-05-21 14:02:55,no,,,
1871643480,yes,91411,Closed,GPS Control Deviation,2026-05-18 18:34:02,no,,,
1871703780,yes,91973,Closed,GPS Control Deviation,2026-05-19 19:03:48,no,,,
1871792300,yes,92404,Closed,GPS Control Deviation,2026-05-20 18:46:01,no,,,
1871883230,yes,91104,Closed,GPS Control Deviation,2026-05-18 11:00:43,no,,,
1871994000,yes,91262,Closed,GPS Control Deviation,2026-05-18 14:02:14,no,,,
1872050650,yes,92854,Open,GPS Control Deviation,2026-05-21 22:40:22,no,,,
1872074970,yes,91400,Closed,GPS Control Deviation,2026-05-18 18:22:12,no,,,
1872264810,yes,92161,Closed,GPS Control Deviation,2026-05-20 11:02:10,no,,,
1872536430,yes,91417,Closed,GPS Control Deviation,2026-05-18 18:39:31,no,,,
1872583190,yes,92858,Open,GPS Control Deviation,2026-05-21 22:59:31,no,,,
1872625590,yes,91501,Closed,GPS Control Deviation,2026-05-18 22:08:43,no,,,
1872683610,yes,91765,Closed,GPS Control Deviation,2026-05-19 14:00:13,no,,,
1872845240,yes,91504|91390,Closed|Closed,GPS Control Deviation,2026-05-18 22:19:33,no,,,
1872886490,yes,92156,Closed,GPS Control Deviation,2026-05-20 11:00:32,no,,,
1873079440,yes,91968,Closed,GPS Control Deviation,2026-05-19 18:50:41,no,,,
1873243500,yes,92851,Open,GPS Control Deviation,2026-05-21 22:25:34,no,,,
1873252950,yes,91529,Closed,GPS Control Deviation,2026-05-19 08:00:30,no,,,
1873435500,yes,91630,Closed,GPS Control Deviation,2026-05-19 11:01:12,no,,,
1873470070,yes,92859,Open,GPS Control Deviation,2026-05-21 23:05:00,no,,,
1873539940,yes,91772,Closed,GPS Control Deviation,2026-05-19 14:00:37,no,,,
1873547500,yes,91770,Closed,GPS Control Deviation,2026-05-19 14:00:32,no,,,
1873567140,yes,91766|91763,Closed|Closed,GPS Control Deviation,2026-05-19 14:00:19,no,,,
1873567900,yes,91966,Closed,GPS Control Deviation,2026-05-19 18:44:08,no,,,
1873831430,yes,92830,Open,GPS Control Deviation,2026-05-21 22:04:10,no,,,
1873838240,yes,92287,Closed,GPS Control Deviation,2026-05-20 14:05:41,no,,,
1873942020,yes,92849,Open,GPS Control Deviation,2026-05-21 22:21:06,no,,,
1874033240,yes,92175,Closed,GPS Control Deviation,2026-05-20 11:05:38,no,,,
1874097360,yes,92304,Closed,GPS Control Deviation,2026-05-20 14:11:01,no,,,
1874175730,yes,92174,Closed,GPS Control Deviation,2026-05-20 11:05:19,no,,,
1874179060,yes,92863,Open,GPS Control Deviation,2026-05-21 23:25:55,no,,,
1874230690,yes,92862,Open,GPS Control Deviation,2026-05-21 23:20:44,no,,,
1874497070,yes,92417,Closed,GPS Control Deviation,2026-05-20 18:56:03,no,,,
1874499090,yes,92274,Closed,GPS Control Deviation,2026-05-20 14:01:51,no,,,
1874520020,yes,92305,Closed,GPS Control Deviation,2026-05-20 14:11:19,no,,,
1874610790,yes,92290,Closed,GPS Control Deviation,2026-05-20 14:06:45,no,,,
1874645410,yes,92837,Open,GPS Control Deviation,2026-05-21 22:09:33,no,,,
1874742300,yes,92288,Closed,GPS Control Deviation,2026-05-20 14:06:01,no,,,
1875001010,yes,92301,Closed,GPS Control Deviation,2026-05-20 14:10:05,no,,,
1875084890,yes,92856,Open,GPS Control Deviation,2026-05-21 22:50:11,no,,,
1875282660,yes,92284,Closed,GPS Control Deviation,2026-05-20 14:04:42,no,,,
1876551140,yes,92843,Open,GPS Control Deviation,2026-05-21 22:13:45,no,,,
1876647360,yes,92286,Closed,GPS Control Deviation,2026-05-20 14:05:20,no,,,
1877273850,yes,90453,Closed,GPS Control Deviation,2026-05-14 17:02:50,no,,,
1877431700,yes,92296,Closed,GPS Control Deviation,2026-05-20 14:08:50,no,,,
1877954550,yes,92295,Closed,GPS Control Deviation,2026-05-20 14:08:32,no,,,
1878298790,yes,91964,Closed,GPS Control Deviation,2026-05-19 18:39:10,no,,,
1878333900,yes,92393,Closed,GPS Control Deviation,2026-05-20 18:18:49,no,,,
1878356100,yes,92271,Closed,GPS Control Deviation,2026-05-20 14:00:30,no,,,
1878564810,yes,90454,Closed,GPS Control Deviation,2026-05-14 17:03:06,no,,,
1878635640,yes,92306,Closed,GPS Control Deviation,2026-05-20 14:11:37,no,,,
1879179920,yes,92281,Closed,GPS Control Deviation,2026-05-20 14:04:07,no,,,
1879334870,yes,92411,Closed,GPS Control Deviation,2026-05-20 18:54:14,no,,,
1879561300,yes,92155,Closed,GPS Control Deviation,2026-05-20 11:00:08,no,,,
1879660680,yes,92300,Closed,GPS Control Deviation,2026-05-20 14:09:46,no,,,
1879749890,yes,92432,Closed,GPS Control Deviation,2026-05-20 21:10:26,no,,,
1879926540,yes,92388,Closed,GPS Control Deviation,2026-05-20 18:06:21,no,,,
1879948040,yes,92409,Closed,GPS Control Deviation,2026-05-20 18:53:42,no,,,
1879959750,yes,92293,Closed,GPS Control Deviation,2026-05-20 14:07:55,no,,,
1880242060,yes,92157,Closed,GPS Control Deviation,2026-05-20 11:00:51,no,,,
1880419160,yes,91962,Closed,GPS Control Deviation,2026-05-19 18:33:39,no,,,
1880499200,yes,92029|92002,Closed|Closed,GPS Control Deviation,2026-05-20 08:00:46,no,,,
1880642730,yes,92273,Closed,GPS Control Deviation,2026-05-20 14:01:26,no,,,
1880694800,yes,92182,Closed,GPS Control Deviation,2026-05-20 11:07:27,no,,,
1880769220,yes,92412,Closed,GPS Control Deviation,2026-05-20 18:54:29,no,,,
1880871190,yes,92176,Closed,GPS Control Deviation,2026-05-20 11:05:56,no,,,
1880893060,yes,92289,Closed,GPS Control Deviation,2026-05-20 14:06:21,no,,,
1880970700,yes,92177,Closed,GPS Control Deviation,2026-05-20 11:06:13,no,,,
1880992690,yes,92434|92389,Closed|Closed,GPS Control Deviation,2026-05-20 21:11:02,no,,,
1881017900,yes,92269,Closed,GPS Control Deviation,2026-05-20 14:00:10,no,,,
1881053200,yes,92168,Closed,GPS Control Deviation,2026-05-20 11:03:53,no,,,
1881073890,yes,91958,Closed,GPS Control Deviation,2026-05-19 18:11:48,no,,,
1881081150,yes,92165,Closed,GPS Control Deviation,2026-05-20 11:03:05,no,,,
1881138710,yes,92298,Closed,GPS Control Deviation,2026-05-20 14:09:28,no,,,
1881147200,yes,92303,Closed,GPS Control Deviation,2026-05-20 14:10:42,no,,,
1881150240,yes,92406,Closed,GPS Control Deviation,2026-05-20 18:52:52,no,,,
1881150520,yes,92179,Closed,GPS Control Deviation,2026-05-20 11:06:49,no,,,
1881169780,yes,92408,Closed,GPS Control Deviation,2026-05-20 18:53:26,no,,,
1881560730,yes,91961,Closed,GPS Control Deviation,2026-05-19 18:27:30,no,,,
1881633390,yes,92159,Closed,GPS Control Deviation,2026-05-20 11:01:30,no,,,
1881682210,yes,92294,Closed,GPS Control Deviation,2026-05-20 14:08:13,no,,,
DUP-1778159415479-i49n,no,,,,,yes,Awaiting Response,Pending,11694
DUP-1778159543192-psha,no,,,,,yes,Awaiting Response,Pending,12064
GRP-T240-1778119403760-1-505,no,,,,,yes,Awaiting Response,Pending,6363
GRP-T240-1778119403932-2-882452,no,,,,,yes,Awaiting Response,Pending,6364
GRP-T240-1778119404055-3-247739,no,,,,,yes,Resolved,Approved,6365
GRP-T240-1778119404163-4-797441,no,,,,,yes,Awaiting Response,Pending,6366
GRP-T240-1778119404247-5-158101,no,,,,,yes,Awaiting Response,Pending,6367
GRP-T240-1778119404325-6-681555,no,,,,,yes,Awaiting Response,Pending,6368
RBAC-TEST,no,,,,,yes,Needs Review,Pending,4620
SMOKE-MULTILEG-001,no,,,,,yes,New,Pending,2
T-BULKQ-G-1777923852662-660627946,no,,,,,yes,Needs Review,Pending,2693
T-BULKQ-G-1777923852767-99227131,no,,,,,yes,Needs Review,Pending,2694
T-BULKQ-G-1777923852794-82183676,no,,,,,yes,Needs Review,Pending,2695
T-BULKQ-G-1777923852830-64535154,no,,,,,yes,Needs Review,Pending,2696
T-BULKQ-G-1777923852854-198494460,no,,,,,yes,Needs Review,Pending,2697
T-BULKQ-G-1777923852873-961743096,no,,,,,yes,Awaiting Response,Pending,2698
T-BULKQ-G-1777923853220-88164131,no,,,,,yes,Needs Review,Pending,2700
T-BULKQ-G-1778185501678-133724604,no,,,,,yes,Needs Review,Pending,15674
T-BULKQ-G-1778185501796-957952969,no,,,,,yes,Needs Review,Pending,15675
T-BULKQ-G-1778185501844-812850284,no,,,,,yes,Needs Review,Pending,15676
T-BULKQ-G-1778185501882-406149076,no,,,,,yes,Needs Review,Pending,15677
T-BULKQ-G-1778185501911-798880592,no,,,,,yes,Needs Review,Pending,15678
T-BULKQ-G-1778185501939-932110972,no,,,,,yes,Awaiting Response,Pending,15679
T-BULKQ-G-1778185501967-556818990,no,,,,,yes,Needs Review,Pending,15680
T-BULKQ-G-1778185501989-294162955,no,,,,,yes,MAS Eligible,Pending,15681
T-BULKQ-G-1778185502067-129840016,no,,,,,yes,Needs Review,Pending,15682
T-BULKQ-G-1778185512304-177453615,no,,,,,yes,Needs Review,Pending,15683
T-BULKQ-G-1778185512382-624914749,no,,,,,yes,Needs Review,Pending,15684
T-BULKQ-G-1778185512418-590335196,no,,,,,yes,Needs Review,Pending,15685
T-BULKQ-G-1778185512447-469582732,no,,,,,yes,Needs Review,Pending,15686
T-BULKQ-G-1778185512475-524515050,no,,,,,yes,Needs Review,Pending,15687
T-BULKQ-G-1778185512505-611074355,no,,,,,yes,Awaiting Response,Pending,15688
T-BULKQ-G-1778185512531-461952283,no,,,,,yes,Needs Review,Pending,15689
T-BULKQ-G-1778185512553-521228627,no,,,,,yes,MAS Eligible,Pending,15690
T-BULKQ-G-1778185512635-380318098,no,,,,,yes,Needs Review,Pending,15691
T-BULKQ-G-1778280435873-809491048,no,,,,,yes,New,Pending,16152
T130G-1778119381365-404485,no,,,,,yes,Needs Review,Pending,6108
T130G-1778119381374-494417,no,,,,,yes,Needs Review,Pending,6109
T130G-1778119381479-954674,no,,,,,yes,Needs Review,Pending,6112
T130G-1778119593215-696779,no,,,,,yes,Needs Review,Pending,6506
T130G-1778119669494-257653,no,,,,,yes,Needs Review,Pending,6900
T130G-1778119725211-179515,no,,,,,yes,Needs Review,Pending,7275
T130G-1778120737842-471887,no,,,,,yes,Needs Review,Pending,7767
T130G-1778120817050-721507,no,,,,,yes,Needs Review,Pending,8162
T130G-1778120900535-848304,no,,,,,yes,Needs Review,Pending,8555
T130G-1778128072099-777032,no,,,,,yes,Needs Review,Pending,9218
T130G-1778130923529-818441,no,,,,,yes,Needs Review,Pending,9808
T130G-1778130975860-403060,no,,,,,yes,Needs Review,Pending,10188
T130G-1778131017193-571229,no,,,,,yes,Needs Review,Pending,10543
T130G-1778131042497-665459,no,,,,,yes,Needs Review,Pending,10594
T130G-1778159060477-348527,no,,,,,yes,Needs Review,Pending,10902
T130G-1778159181078-501483,no,,,,,yes,Needs Review,Pending,11276
T130G-1778159400887-251085,no,,,,,yes,Needs Review,Pending,11670
T130G-1778159920146-765909,no,,,,,yes,Needs Review,Pending,12100
T130G-1778160025530-621479,no,,,,,yes,Needs Review,Pending,12493
T130G-1778160106199-959619,no,,,,,yes,Needs Review,Pending,12890
T130G-1778160197366-152660,no,,,,,yes,Needs Review,Pending,13285
T130G-1778160305478-552499,no,,,,,yes,Needs Review,Pending,13673
T130G-1778160386424-786552,no,,,,,yes,Needs Review,Pending,13683
T130G-1778160516074-85503,no,,,,,yes,Needs Review,Pending,13698
T130G-1778160936119-21018,no,,,,,yes,Needs Review,Pending,14088
T165G-1778119381589-5431,no,,,,,yes,Awaiting Response,Pending,6113
T165G-1778119381605-982324,no,,,,,yes,Awaiting Response,Pending,6114
T196G-1778119429498-609729,no,,,,,yes,Needs Review,Pending,6424
T196G-1778119429566-286621,no,,,,,yes,Needs Review,Pending,6425
T196G-1778119429600-271246,no,,,,,yes,Needs Review,Pending,6426
T196G-1778119429644-112880,no,,,,,yes,Needs Review,Pending,6427
T196G-1778119429697-14947,no,,,,,yes,Needs Review,Pending,6428
T196G-1778119429738-358010,no,,,,,yes,Needs Review,Pending,6430
T196G-1778119429772-300319,no,,,,,yes,Needs Review,Pending,6431
T196G-1778119429811-378201,no,,,,,yes,Needs Review,Pending,6432
T196G-1778119429867-445266,no,,,,,yes,Resolved,Pending,6433
T196G-1778119430567-508658,no,,,,,yes,Needs Review,Pending,6450
T196G-1778119430691-423886,no,,,,,yes,Needs Review,Pending,6451
T196G-1778119431277-347838,no,,,,,yes,Needs Review,Pending,6454
T196G-1778119432132-993021,no,,,,,yes,Needs Review,Pending,6458
T196G-1778119432192-737127,no,,,,,yes,Needs Review,Pending,6459
T196G-1778119432256-114798,no,,,,,yes,Resolved,Pending,6460
T196G-1778119432528-471816,no,,,,,yes,Needs Review,Pending,6463
T196G-1778119432582-372909,no,,,,,yes,Needs Review,Pending,6464
T196G-1778119432629-536746,no,,,,,yes,Needs Review,Pending,6465
T210G-1778161649357-663685,no,,,,,yes,Needs Evidence,Pending,14874
T333G-1778119419321-970284,no,,,,,yes,Needs Review,Pending,6397
T333G-1778119419456-55807,no,,,,,yes,Needs Review,Pending,6400
T456-CONFLICT-1778119405672-704360480,no,,,,,yes,Needs Review,Pending,6370
T456-CONFLICT-1778119405791-288522482,no,,,,,yes,Needs Review,Pending,6372
T456-FROM-1778119405855-962376824,no,,,,,yes,Needs Review,Pending,6373
T456-G-1778119405653-817193564,no,,,,,yes,Needs Review,Pending,6369
T456-G-1778119405773-729601861,no,,,,,yes,Needs Review,Pending,6371
T470G-1779379680283-464685,no,,,,,yes,Needs Evidence,Pending,24493
T470G-1779379680399-491265,no,,,,,yes,Needs Evidence,Pending,24494
T470G-1779379680478-908088,no,,,,,yes,Needs Evidence,Pending,24495
T470G-1779379680550-950747,no,,,,,yes,Needs Evidence,Pending,24496
T470G-1779379680597-961253,no,,,,,yes,Needs Evidence,Pending,24497
T470G-1779379680662-992491,no,,,,,yes,Needs Evidence,Pending,24499
T470G-1779379680710-938296,no,,,,,yes,Needs Evidence,Pending,24500
T470G-1779379681066-843580,no,,,,,yes,Needs Evidence,Pending,24501
T470G-1779379681151-683751,no,,,,,yes,Needs Evidence,Pending,24502
T470G-1779379681293-476103,no,,,,,yes,Needs Evidence,Pending,24503
T470G-1779379681385-50226,no,,,,,yes,Needs Evidence,Pending,24505
T561G-1778334774051-66329,no,,,,,yes,Needs Review,Pending,16167
T561G-1778543034322-872569,no,,,,,yes,Needs Review,Pending,16606
T561G-1778554222056-838788,no,,,,,yes,Needs Review,Pending,18886
T561G-1778554316248-233793,no,,,,,yes,Needs Review,Pending,19320
T561G-1778554411091-528601,no,,,,,yes,Needs Review,Pending,19754
T561G-1778554624797-456399,no,,,,,yes,Needs Review,Pending,20188
T561G-1778555190396-403489,no,,,,,yes,Needs Review,Pending,21396
T561G-1778555192748-833986,no,,,,,yes,Needs Review,Pending,21397
T714-G-1778639892202-924579,no,,,,,yes,Resolved,No Action Needed,21866
T714-G-1778639892513-593452,no,,,,,yes,Resolved,No Action Needed,21867
T714-G-1778639892828-241567,no,,,,,yes,Needs Evidence,Pending,21868
T714-G-1778639892994-280651,no,,,,,yes,Needs Evidence,Pending,21869
T714-G-1778639921177-218765,no,,,,,yes,Resolved,No Action Needed,21870
T714-G-1778639921336-76291,no,,,,,yes,Resolved,No Action Needed,21871
T714-G-1778639921611-950494,no,,,,,yes,Needs Evidence,Pending,21872
T714-G-1778639921766-180860,no,,,,,yes,Resolved,No Action Needed,21873
T714-G-1778640032736-479727,no,,,,,yes,Resolved,No Action Needed,21874
T714-G-1778640032917-56048,no,,,,,yes,Resolved,No Action Needed,21875
T714-G-1778640033197-128167,no,,,,,yes,Needs Evidence,Pending,21876
T714-G-1778640033441-355943,no,,,,,yes,Needs Evidence,Pending,21877
T714-G-1778640033496-694604,no,,,,,yes,Resolved,No Action Needed,21878
T714-G-1778649216408-939971,no,,,,,yes,Resolved,No Action Needed,21881
T714-G-1778649216672-502234,no,,,,,yes,Resolved,No Action Needed,21882
T714-G-1778649217227-423188,no,,,,,yes,Needs Evidence,Pending,21883
T714-G-1778649217535-659622,no,,,,,yes,Needs Evidence,Pending,21884
T714-G-1778649217618-313289,no,,,,,yes,Resolved,No Action Needed,21885
T714-G-1778758378975-56473,no,,,,,yes,Resolved,No Action Needed,22326
T714-G-1778758379217-533083,no,,,,,yes,Resolved,No Action Needed,22327
T714-G-1778758379658-641187,no,,,,,yes,Needs Evidence,Pending,22328
T714-G-1778758379935-762868,no,,,,,yes,Needs Evidence,Pending,22329
T714-G-1778758380013-685626,no,,,,,yes,Resolved,No Action Needed,22330
T714-G-1778784269170-515057,no,,,,,yes,Resolved,No Action Needed,22755
T714-G-1778784269552-957511,no,,,,,yes,Resolved,No Action Needed,22756
T714-G-1778784270176-691985,no,,,,,yes,Needs Evidence,Pending,22760
T714-G-1778784270447-909540,no,,,,,yes,Needs Evidence,Pending,22762
T714-G-1778784270612-961215,no,,,,,yes,Resolved,No Action Needed,22764
T714-G-1778784286052-364188,no,,,,,yes,Resolved,No Action Needed,22779
T714-G-1778784286358-178939,no,,,,,yes,Resolved,No Action Needed,22780
T714-G-1778784287093-946241,no,,,,,yes,Needs Evidence,Pending,22781
T714-G-1778784287495-276910,no,,,,,yes,Needs Evidence,Pending,22782
T714-G-1778784287738-550321,no,,,,,yes,Resolved,No Action Needed,22783
T714-G-1778784342318-889644,no,,,,,yes,Resolved,No Action Needed,23127
T714-G-1778784343057-129895,no,,,,,yes,Resolved,No Action Needed,23135
T714-G-1778784344243-316835,no,,,,,yes,Needs Evidence,Pending,23139
T714-G-1778784344794-261474,no,,,,,yes,Needs Evidence,Pending,23142
T714-G-1778784344953-979755,no,,,,,yes,Resolved,No Action Needed,23143
T714-G-1779106959377-47204,no,,,,,yes,Resolved,No Action Needed,23909
T714-G-1779106959892-318957,no,,,,,yes,Resolved,No Action Needed,23911
T714-G-1779106960435-1992,no,,,,,yes,Needs Evidence,Pending,23914
T714-G-1779106960681-54067,no,,,,,yes,Needs Evidence,Pending,23917
T714-G-1779106960782-735286,no,,,,,yes,Resolved,No Action Needed,23918
T714-G-1779379608288-470525,no,,,,,yes,Resolved,No Action Needed,24435
TOUR-SAMPLE-INV,no,,,,,yes,Expired,Pending,4588