dispute_reasons_library,recommended_actions,guidance,evidence_requirements,name,description,decision_tree,category,email_template,id,created_date,updated_date,created_by_id,created_by,is_sample
"[{""id"":""reason_1775055452374"",""label"":""Trip completed before MAS cancellation"",""reason"":""The driver completed the trip before MAS changed the status, and the completed service is supported by GPS, dispatch timestamps, and member signature."",""key_points"":[]},{""id"":""reason_1775055500096"",""label"":""A-leg or B-leg completed before cancellation"",""reason"":""One leg of the trip was fully completed before the cancellation occurred and should be reinstated for attestation."",""key_points"":[]},{""id"":""reason_1775055533317"",""label"":""Completed trip removed after service was finalized"",""reason"":""The trip status was changed after the driver had already performed the service, resulting in loss of the invoice needed for attestation."",""key_points"":[]},{""id"":""reason_1775055555584"",""label"":""Request to reinstate invoice for completed service"",""reason"":""We are requesting invoice reinstatement because the transportation service was completed and is supported by trip documentation."",""key_points"":[]},{""id"":""reason_1775055578928"",""label"":""Post-completion cancellation requires correction"",""reason"":""MAS cancelled the trip after completion, and correction is needed so the completed leg can be properly attested."",""key_points"":[]}]","Review the dispatch system the following business day after attestation/upload.
Search dispatch history using Job Filter > All Comments > “CANCELLED BY MAS”.
Identify affected trips marked as CANCELLED.
Search the member/trip record to determine whether MAS cancelled one leg or both legs.
Confirm trip status using:
GPS route/activity
member signature/receipt
cancellation timestamp
pickup and drop-off times
Determine whether cancellation occurred:
before pickup
after pickup but before drop-off
after drop-off / after trip completion
Access the MAS portal and search the invoice under Manage Trips > Search Trip by Invoice.
Check whether Correction Request is available in the MAS portal.
If Correction Request is available, submit the correction directly through the MAS portal.
If Correction Request is not available, email the correction request to tripinvresolution@medanswering.com
 with all required evidence attached.
Document the request method used, date submitted, and whether the case is pending MAS response.
Do not rebill from a replacement live trip unless the replacement record contains complete GPS and signature data required for billing.
Ensure the correction request is submitted within the 30-day deadline.","Staff must determine whether MAS cancelled the trip before pickup, after pickup, or after drop-off, and whether one leg or both legs were affected. Before requesting any correction, staff must confirm trip completion using dispatch history, GPS, member signature, and cancellation timing. If MAS cancelled after the trip was completed, the case may qualify for correction or reinstatement. If MAS cancelled before service was performed, the case is not supportable and should not be disputed.","[{""id"":""gps_screenshot"",""label"":""GPS Screenshot"",""type"":""file"",""description"":""""},{""id"":""receipt_signed"",""label"":""Receipt Signed"",""type"":""file"",""description"":""""},{""id"":""mas_portal_invoice_trip_screenshot"",""label"":""MAS portal Invoice/Trip Screenshot"",""type"":""file"",""description"":""""},{""id"":""brief_written_explanation_of_why_correction_is_needed"",""label"":""Brief written explanation of why correction is needed"",""type"":""text"",""description"":""""}]","Invoice Number not in System","This error occurs when an invoice that was previously tied to a completed trip is no longer available for attestation because MAS cancelled the trip after the driver had already completed service. It is typically identified the day after trips were uploaded and reviewed in the dispatch system. In some cases, MAS may issue a replacement invoice, but this depends on when the cancellation occurred and whether the trip or leg was actually completed before cancellation.","{""nodes"":[{""id"":""start"",""type"":""question"",""label"":""Was the trip or affected leg actually completed before MAS cancelled it?"",""options"":[""Yes"",""No""]},{""id"":""node_1775055973159_4g3j"",""type"":""question"",""label"":""Can completion be verified by GPS, member signature/receipt, and dispatch timestamps?"",""options"":[""Yes"",""No""]},{""id"":""node_1775056158435_a9b2"",""type"":""action"",""label"":""Go to Internal Resolution""},{""id"":""node_1775056255781_77h8"",""type"":""hold"",""label"":""Go to Hold"",""hold_default_reason"":"""",""hold_default_pending_from"":"""",""hold_instructions"":""""},{""id"":""node_1775056350828_m3jl"",""type"":""action"",""label"":""Review dispatch history to determine whether MAS cancelled one leg or both legs, and confirm whether cancellation happened before pickup, after pickup, or after drop-off.""},{""id"":""node_1775056487205_a2xd"",""type"":""question"",""label"":""Did MAS cancel the trip after drop-off or after the completed leg was finalized?"",""options"":[""Yes"",""No""]},{""id"":""node_1775056527869_22bg"",""type"":""question"",""label"":""Is the Correction Request option available in the MAS portal for this invoice?"",""options"":[""Yes"",""No""]}],""edges"":[{""from"":""start"",""to"":""node_1775055973159_4g3j"",""label"":""Yes""},{""from"":""start"",""to"":""node_1775056158435_a9b2"",""label"":""No""},{""from"":""node_1775055973159_4g3j"",""to"":""node_1775056350828_m3jl"",""label"":""Yes""},{""from"":""node_1775055973159_4g3j"",""to"":""node_1775056255781_77h8"",""label"":""No""},{""from"":""node_1775056487205_a2xd"",""to"":""node_1775056527869_22bg"",""label"":""Yes""},{""from"":""node_1775056487205_a2xd"",""to"":""node_1775056158435_a9b2"",""label"":""No""}]}","Invoice Integrity","","69bda36f2d00d0130af0d02c","2026-03-20T19:43:43.680000","2026-04-01T15:35:17.773000","69bb866dc54a48273ea84c08","apps@agapetransportation.com","false"
"","","","","Other","","","","","69bca7f815f902e0ee36c7df","2026-03-20T01:50:48.151000","2026-03-20T01:50:48.151000","69bb866dc54a48273ea84c08","apps@agapetransportation.com","false"
"","","","","Travel Time Error","","","","","69bca7f7fdcafde128021d9b","2026-03-20T01:50:47.886000","2026-03-20T01:50:47.886000","69bb866dc54a48273ea84c08","apps@agapetransportation.com","false"
"","","","","Ineligible Enrollee","","","","","69bca7f71ef28aebe206b88a","2026-03-20T01:50:47.477000","2026-03-20T01:50:47.477000","69bb866dc54a48273ea84c08","apps@agapetransportation.com","false"
"","","","","Attestation Timing","","","","","69bca7f712f0e0690af04e47","2026-03-20T01:50:47.208000","2026-03-20T01:50:47.208000","69bb866dc54a48273ea84c08","apps@agapetransportation.com","false"
"","","","","GPS Distance Error","","","","","69bca7f588f53dc8bc834dac","2026-03-20T01:50:45.945000","2026-03-20T01:50:45.945000","69bb866dc54a48273ea84c08","apps@agapetransportation.com","false"
"","","","","Incomplete GPS","","","","","69bca7f5c86f874ba5d84ab6","2026-03-20T01:50:45.703000","2026-03-20T01:50:45.703000","69bb866dc54a48273ea84c08","apps@agapetransportation.com","false"
"","","","","GPS Deviation","","","","","69bca7f5ef710a82d9b23293","2026-03-20T01:50:45.505000","2026-03-20T01:50:45.505000","69bb866dc54a48273ea84c08","apps@agapetransportation.com","false"