group_id,invoice_number,bucket,ticket_count,open_ticket_count,verdict_carrier_submission_id,submission_id,portal_ticket_id,live_portal_status,latest_message_signature,latest_message_outcome,scrape_error,latest_body_preview
5,1859143100,synthetic_only,1,0,,45,portal-1777418252364,synthetic,,synthetic,,
6,1860808110,synthetic_only,1,0,,18,portal-1777417512401,synthetic,,synthetic,,
11,1863023270,synthetic_only,1,0,,21,portal-1777417614872,synthetic,,synthetic,,
13,1861265860,synthetic_only,1,0,,25,portal-1777418288773,synthetic,,synthetic,,
14,1806301210,synthetic_only,1,0,,33,portal-1777418137897,synthetic,,synthetic,,
19,1811814420,synthetic_only,1,0,,27,portal-1777417729141,synthetic,,synthetic,,
21,1852398750,synthetic_only,1,0,,37,portal-1777417632794,synthetic,,synthetic,,
45,1859459440,synthetic_only,1,0,,40,portal-1777418254962,synthetic,,synthetic,,
46,1863343350,synthetic_only,1,0,,49,portal-1777418120324,synthetic,,synthetic,,
47,1863328680,synthetic_only,1,0,,50,portal-1777418154718,synthetic,,synthetic,,
51,1861285490,synthetic_only,1,0,,42,portal-1777418271791,synthetic,,synthetic,,
57,1818324180,synthetic_only,1,0,,65,portal-1777418139359,synthetic,,synthetic,,
97,1851962660,synthetic_only,1,0,,97,portal-1777417609771,synthetic,,synthetic,,
115,1854100180,synthetic_only,1,0,,93,portal-1777417642750,synthetic,,synthetic,,
120,1855534920,synthetic_only,1,0,,64,portal-1777418155973,synthetic,,synthetic,,
123,1853920310,synthetic_only,1,0,,94,portal-1777417627006,synthetic,,synthetic,,
138,1854207100,synthetic_only,1,0,,103,portal-1777417510603,synthetic,,synthetic,,
301,1850804760,synthetic_only,1,0,,300,AAMkAGFhMzgwZGJjLTNkNjktNDlhYS1hM2I4LTE3MmI4YTlkNzhmMgBGAAAAAAAUhYVsiS-zQLf1GEtAsll-BwBVKgS5MpITR5VyLl_UBcCwAAAAAAEPAABVKgS5MpITR5VyLl_UBcCwAAVEZFMWAAA=,synthetic,,synthetic,,
308,1857405840,synthetic_only,1,0,,306,AAMkAGFhMzgwZGJjLTNkNjktNDlhYS1hM2I4LTE3MmI4YTlkNzhmMgBGAAAAAAAUhYVsiS-zQLf1GEtAsll-BwBVKgS5MpITR5VyLl_UBcCwAAAAAAEPAABVKgS5MpITR5VyLl_UBcCwAAVEZFMYAAA=,synthetic,,synthetic,,
312,1857890860,synthetic_only,1,0,,356,AAMkAGFhMzgwZGJjLTNkNjktNDlhYS1hM2I4LTE3MmI4YTlkNzhmMgBGAAAAAAAUhYVsiS-zQLf1GEtAsll-BwBVKgS5MpITR5VyLl_UBcCwAAAAAAEPAABVKgS5MpITR5VyLl_UBcCwAAVEZFMaAAA=,synthetic,,synthetic,,
316,1857954530,synthetic_only,1,0,,302,AAMkAGFhMzgwZGJjLTNkNjktNDlhYS1hM2I4LTE3MmI4YTlkNzhmMgBGAAAAAAAUhYVsiS-zQLf1GEtAsll-BwBVKgS5MpITR5VyLl_UBcCwAAAAAAEPAABVKgS5MpITR5VyLl_UBcCwAAVEZFMXAAA=,synthetic,,synthetic,,
321,1857975130,synthetic_only,1,0,,348,AAMkAGFhMzgwZGJjLTNkNjktNDlhYS1hM2I4LTE3MmI4YTlkNzhmMgBGAAAAAAAUhYVsiS-zQLf1GEtAsll-BwBVKgS5MpITR5VyLl_UBcCwAAAAAAEPAABVKgS5MpITR5VyLl_UBcCwAAVEZFMZAAA=,synthetic,,synthetic,,
384,1860108150,canonical_open,1,1,,603,88292,Open,,unknown,,[#88292] Dispute - Invoice #1860108150 - GPS Deviation Status (2 rides) : Medical Answering Services /* theme */ .portal--light { 
385,1762714700,canonical_open,1,1,,613,88294,Open,,unknown,,[#88294] Dispute - Invoice #1762714700 - Time at Medical Facility Too Long (2 rides) : Medical Answering Services /* theme */ .port
386,1844502540,canonical_open,1,1,,615,88295,Open,,unknown,,[#88295] Dispute - Invoice #1844502540 - GPS Destination Too Far from Medical Facility (2 rides) : Medical Answering Services /* th
388,1803231380,canonical_open,1,1,,617,88296,Open,,unknown,,[#88296] Dispute - Invoice #1803231380 - Time at Medical Facility Too Long (2 rides) : Medical Answering Services /* theme */ .port
389,1775914990,canonical_open,1,1,,620,88298,Open,,unknown,,[#88298] Dispute - Invoice #1775914990 - GPS Deviation Status (2 rides) : Medical Answering Services /* theme */ .portal--light { 
390,1859370960,canonical_open,1,1,,619,88297,Open,,unknown,,[#88297] Dispute - Invoice #1859370960 - Time at Medical Facility Too Long (2 rides) : Medical Answering Services /* theme */ .port
391,1859801090,canonical_open,1,1,,624,88300,Open,,unknown,,[#88300] Dispute - Invoice #1859801090 - Time at Medical Facility Too Long (2 rides) : Medical Answering Services /* theme */ .port
392,1809040550,canonical_open,1,1,,622,88299,Open,,unknown,,[#88299] Dispute - Invoice #1809040550 - Time at Medical Facility Too Long (2 rides) : Medical Answering Services /* theme */ .port
393,1842873910,canonical_open,1,1,,610,88293,Open,,unknown,,[#88293] Dispute - Invoice #1842873910 - Claim Correction (1 ride) : Medical Answering Services /* theme */ .portal--light { --fw-
394,1854176610,canonical_open,1,1,,626,88301,Open,,unknown,,[#88301] Dispute - Invoice #1854176610 - GPS Pickup Too Far from Medical Facility (1 ride) : Medical Answering Services /* theme */
395,1785923790,canonical_open,1,1,,591,88286,Open,,unknown,,[#88286] Dispute - Invoice #1785923790 - Claim Correction (1 ride) : Medical Answering Services /* theme */ .portal--light { --fw-
396,1852790030,canonical_open,1,1,,599,88290,Open,,unknown,,[#88290] Dispute - Invoice #1852790030 - Time at Medical Facility Too Long (2 rides) : Medical Answering Services /* theme */ .port
398,1836350730,canonical_open,1,1,,595,88288,Open,,unknown,,[#88288] Dispute - Invoice #1836350730 - Time at Medical Facility Too Long (2 rides) : Medical Answering Services /* theme */ .port
401,1859872390,canonical_open,1,1,,589,88285,Open,,unknown,,[#88285] Dispute - Invoice #1859872390 - Claim Correction (1 ride) : Medical Answering Services /* theme */ .portal--light { --fw-
402,1856925370,canonical_open,1,1,,578,88280,Open,,unknown,,[#88280] Dispute - Invoice #1856925370 - Incomplete GPS (2 rides) : Medical Answering Services /* theme */ .portal--light { --fw-b
403,1856536940,canonical_open,1,1,,585,88283,Open,,unknown,,[#88283] Dispute - Invoice #1856536940 - GPS Pickup Too Far from Residence (2 rides) : Medical Answering Services /* theme */ .port
404,1855568150,canonical_open,1,1,,574,88263,Open,,unknown,,[#88263] Dispute - Invoice #1855568150 - GPS Pickup Too Far from Residence (1 ride) : Medical Answering Services /* theme */ .porta
405,1859631390,canonical_open,1,1,,554,88262,Open,,unknown,,[#88262] Dispute - Invoice #1859631390 - Incomplete GPS (1 ride) : Medical Answering Services /* theme */ .portal--light { --fw-bo
406,1860153920,canonical_open,1,1,,583,88282,Open,,unknown,,[#88282] Dispute - Invoice #1860153920 - Time at Medical Facility Too Long (2 rides) : Medical Answering Services /* theme */ .port
407,1855128460,canonical_open,1,1,,548,88252,Open,,unknown,,[#88252] Dispute - Invoice #1855128460 - GPS Pickup Too Far from Medical Facility (1 ride) : Medical Answering Services /* theme */
408,1860177180,canonical_open,1,1,,546,88246,Open,,unknown,,[#88246] Dispute - Invoice #1860177180 - Time at Medical Facility Too Short (2 rides) : Medical Answering Services /* theme */ .por
409,1850083280,canonical_open,1,1,,543,88275,Open,,unknown,,[#88275] Dispute - Invoice #1850083280 - Time at Medical Facility Too Short (2 rides) : Medical Answering Services /* theme */ .por
410,1858436960,canonical_open,1,1,,540,88273,Open,,unknown,,[#88273] Dispute - Invoice #1858436960 - GPS Pickup Too Far from Residence (2 rides) : Medical Answering Services /* theme */ .port
411,1856958660,canonical_open,1,1,,534,88266,Open,,unknown,,[#88266] Dispute - Invoice #1856958660 - GPS Deviation Status (2 rides) : Medical Answering Services /* theme */ .portal--light { 
412,1843895000,canonical_open,1,1,,530,88261,Open,,unknown,,[#88261] Dispute - Invoice #1843895000 - Incomplete GPS (1 ride) : Medical Answering Services /* theme */ .portal--light { --fw-bo
413,1852367960,canonical_open,1,1,,526,88257,Open,,unknown,,[#88257] Dispute - Invoice #1852367960 - Claim Correction (1 ride) : Medical Answering Services /* theme */ .portal--light { --fw-
414,1859972270,canonical_open,1,1,,522,88254,Open,,unknown,,[#88254] Dispute - Invoice #1859972270 - Incomplete GPS (2 rides) : Medical Answering Services /* theme */ .portal--light { --fw-b
415,1853395590,canonical_open,1,1,,518,88250,Open,,unknown,,[#88250] Dispute - Invoice #1853395590 - Claim Correction (1 ride) : Medical Answering Services /* theme */ .portal--light { --fw-
416,1856345000,canonical_open,1,1,,515,88249,Open,,unknown,,[#88249] Dispute - Invoice #1856345000 - Incomplete GPS (1 ride) : Medical Answering Services /* theme */ .portal--light { --fw-bo
418,1858915060,canonical_open,1,1,,513,88248,Open,,unknown,,[#88248] Dispute - Invoice #1858915060 - GPS Deviation Status (2 rides) : Medical Answering Services /* theme */ .portal--light { 
419,1857311760,canonical_open,1,1,,511,88247,Open,,unknown,,[#88247] Dispute - Invoice #1857311760 - GPS Deviation Status (2 rides) : Medical Answering Services /* theme */ .portal--light { 
420,1860148080,canonical_open,1,1,,509,88245,Open,,unknown,,[#88245] Dispute - Invoice #1860148080 - Incomplete GPS (1 ride) : Medical Answering Services /* theme */ .portal--light { --fw-bo
421,1860053630,canonical_open,1,1,,506,88276,Open,,unknown,,[#88276] Dispute - Invoice #1860053630 - Claim Correction (1 ride) : Medical Answering Services /* theme */ .portal--light { --fw-
429,1861243470,canonical_open,1,1,,500,88131,Open,,unknown,,[#88131] Dispute - Invoice #1861243470 - GPS Deviation Status (2 rides) : Medical Answering Services /* theme */ .portal--light { 
431,1845479280,canonical_open,1,1,,502,88132,Open,,unknown,,[#88132] Dispute - Invoice #1845479280 - GPS Deviation Status (2 rides) : Medical Answering Services /* theme */ .portal--light { 
433,1776329940,canonical_open,1,1,,504,88133,Open,,unknown,,[#88133] Dispute - Invoice #1776329940 - GPS Pickup Too Far from Residence (2 rides) : Medical Answering Services /* theme */ .port
434,1859268490,canonical_open,1,1,,520,88251,Open,,unknown,,[#88251] Dispute - Invoice #1859268490 - GPS Pickup Too Far from Medical Facility (1 ride) : Medical Answering Services /* theme */
435,1852610640,canonical_open,1,1,,524,88255,Open,,unknown,,[#88255] Dispute - Invoice #1852610640 - Time at Medical Facility Too Short (2 rides) : Medical Answering Services /* theme */ .por
436,1774979290,canonical_open,1,1,,528,88258,Open,,unknown,,[#88258] Dispute - Invoice #1774979290 - Time at Medical Facility Too Short (2 rides) : Medical Answering Services /* theme */ .por
437,1855277160,canonical_open,1,1,,532,88264,Open,,unknown,,[#88264] Dispute - Invoice #1855277160 - Incomplete GPS (1 ride) : Medical Answering Services /* theme */ .portal--light { --fw-bo
438,1860634140,canonical_open,1,1,,538,88270,Open,,unknown,,[#88270] Dispute - Invoice #1860634140 - Incomplete GPS (1 ride) : Medical Answering Services /* theme */ .portal--light { --fw-bo
439,1857867950,canonical_open,1,1,,536,88268,Open,mas_ticket_under_review,acknowledgment,,"Hi Accounting Agape, Ticket Under Review This ticket will be reviewed for GPS compliance. Important Notice: In the future, please use the ""GPS Control Devia"
441,1852397820,canonical_open,1,1,,544,88277,Open,,unknown,,[#88277] Dispute - Invoice #1852397820 - Time at Medical Facility Too Short (2 rides) : Medical Answering Services /* theme */ .por
442,1859948720,canonical_open,1,1,,551,88256,Open,,unknown,,[#88256] Dispute - Invoice #1859948720 - GPS Pickup Too Far from Medical Facility (1 ride) : Medical Answering Services /* theme */
444,1858231280,canonical_open,1,1,,555,88259,Open,,unknown,,[#88259] Dispute - Invoice #1858231280 - GPS Pickup Too Far from Medical Facility (1 ride) : Medical Answering Services /* theme */
447,1859925940,canonical_open,1,1,,557,88265,Open,,unknown,,[#88265] Dispute - Invoice #1859925940 - GPS Pickup Too Far from Residence (1 ride) : Medical Answering Services /* theme */ .porta
448,1859039270,canonical_open,1,1,,561,88271,Open,,unknown,,[#88271] Dispute - Invoice #1859039270 - GPS Pickup Too Far from Residence (2 rides) : Medical Answering Services /* theme */ .port
450,1860000010,canonical_open,1,1,,570,88272,Open,,unknown,,[#88272] Dispute - Invoice #1860000010 - GPS Pickup Too Far from Residence (2 rides) : Medical Answering Services /* theme */ .port
451,1858534770,canonical_open,1,1,,559,88267,Open,,unknown,,[#88267] Dispute - Invoice #1858534770 - Claim Correction (1 ride) : Medical Answering Services /* theme */ .portal--light { --fw-
452,1822060350,canonical_open,1,1,,576,88279,Open,,unknown,,[#88279] Dispute - Invoice #1822060350 - GPS Pickup Too Far from Medical Facility (1 ride) : Medical Answering Services /* theme */
453,1797972180,canonical_open,1,1,,580,88281,Open,,unknown,,[#88281] Dispute - Invoice #1797972180 - Time at Medical Facility Too Short (2 rides) : Medical Answering Services /* theme */ .por
454,1858831150,canonical_open,1,1,,597,88289,Open,,unknown,,[#88289] Dispute - Invoice #1858831150 - Time at Medical Facility Too Short (1 ride) : Medical Answering Services /* theme */ .port
455,1828338960,canonical_open,1,1,,563,88274,Open,,unknown,,[#88274] Dispute - Invoice #1828338960 - Incomplete GPS (1 ride) : Medical Answering Services /* theme */ .portal--light { --fw-bo
456,1859065510,canonical_open,1,1,,565,88278,Open,,unknown,,[#88278] Dispute - Invoice #1859065510 - Incomplete GPS (2 rides) : Medical Answering Services /* theme */ .portal--light { --fw-b
457,1858995670,canonical_open,1,1,,568,88260,Open,,unknown,,[#88260] Dispute - Invoice #1858995670 - Incomplete GPS (1 ride) : Medical Answering Services /* theme */ .portal--light { --fw-bo
458,1860722700,canonical_open,1,1,,587,88284,Open,,unknown,,[#88284] Dispute - Invoice #1860722700 - GPS Pickup Too Far from Residence (2 rides) : Medical Answering Services /* theme */ .port
459,1859140010,canonical_open,1,1,,572,88269,Open,,unknown,,[#88269] Dispute - Invoice #1859140010 - Incomplete GPS (2 rides) : Medical Answering Services /* theme */ .portal--light { --fw-b
460,1858868860,canonical_open,1,1,,601,88291,Open,,unknown,,[#88291] Dispute - Invoice #1858868860 - Time at Medical Facility Too Short (2 rides) : Medical Answering Services /* theme */ .por
461,1858981530,canonical_open,1,1,,593,88287,Open,,unknown,,[#88287] Dispute - Invoice #1858981530 - Time at Medical Facility Too Short (2 rides) : Medical Answering Services /* theme */ .por
476,1816477590,canonical_open,1,1,,467,88038,Open,,unknown,,[#88038] Dispute - Invoice #1816477590 - GPS Deviation Status (2 rides) : Medical Answering Services /* theme */ .portal--light { 
478,1859896200,canonical_open,1,1,,469,88040,Open,,unknown,,[#88040] Dispute - Invoice #1859896200 - Incomplete GPS (1 ride) : Medical Answering Services /* theme */ .portal--light { --fw-bo
480,1859040300,canonical_open,1,1,,473,88042,Open,,unknown,,[#88042] Dispute - Invoice #1859040300 - Incomplete GPS (2 rides) : Medical Answering Services /* theme */ .portal--light { --fw-b
483,1861381540,canonical_open,1,1,,471,88041,Open,,unknown,,[#88041] Dispute - Invoice #1861381540 - GPS Pickup Too Far from Medical Facility (1 ride) : Medical Answering Services /* theme */
484,1861385040,canonical_open,1,1,,475,88044,Open,,unknown,,[#88044] Dispute - Invoice #1861385040 - Time at Medical Facility Too Short (2 rides) : Medical Answering Services /* theme */ .por
485,1797972190,canonical_open,1,1,,477,88046,Open,,unknown,,[#88046] Dispute - Invoice #1797972190 - Time at Medical Facility Too Short (2 rides) : Medical Answering Services /* theme */ .por
486,1857952680,canonical_open,1,1,,480,88048,Open,,unknown,,[#88048] Dispute - Invoice #1857952680 - Incomplete GPS (1 ride) : Medical Answering Services /* theme */ .portal--light { --fw-bo
487,1859507310,canonical_open,1,1,,482,88039,Open,,unknown,,[#88039] Dispute - Invoice #1859507310 - Time at Medical Facility Too Short (2 rides) : Medical Answering Services /* theme */ .por
488,1861502680,canonical_open,1,1,,484,88047,Open,,unknown,,[#88047] Dispute - Invoice #1861502680 - Incomplete GPS (2 rides) : Medical Answering Services /* theme */ .portal--light { --fw-b
489,1849978490,canonical_open,1,1,,486,88036,Open,,unknown,,[#88036] Dispute - Invoice #1849978490 - Claim Correction (1 ride) : Medical Answering Services /* theme */ .portal--light { --fw-
490,1853940690,canonical_open,1,1,,488,88037,Open,mas_ticket_under_review,acknowledgment,,"Hi Accounting Agape, Ticket Under Review This ticket will be reviewed for GPS compliance. Important Notice: In the future, please use the ""GPS Control Devia"
492,1850245180,canonical_open,1,1,,490,88049,Open,,unknown,,[#88049] Dispute - Invoice #1850245180 - Time at Medical Facility Too Short (2 rides) : Medical Answering Services /* theme */ .por
493,1861718190,canonical_open,1,1,,492,88043,Open,,unknown,,[#88043] Dispute - Invoice #1861718190 - GPS Pickup Too Far from Residence (1 ride) : Medical Answering Services /* theme */ .porta
494,1858984980,canonical_open,1,1,,494,88050,Open,,unknown,,[#88050] Dispute - Invoice #1858984980 - Time at Medical Facility Too Short (2 rides) : Medical Answering Services /* theme */ .por
498,1860033690,canonical_open,1,1,,496,88130,Open,,unknown,,[#88130] Dispute - Invoice #1860033690 - Time at Medical Facility Too Short (2 rides) : Medical Answering Services /* theme */ .por
499,1861750370,canonical_open,1,1,,498,88129,Open,,unknown,,[#88129] Dispute - Invoice #1861750370 - Incomplete GPS (1 ride) : Medical Answering Services /* theme */ .portal--light { --fw-bo
501,1782763620,canonical_open,1,1,,712,88349,Open,,unknown,,[#88349] Dispute - Invoice #1782763620 - Time at Medical Facility Too Short (2 rides) : Medical Answering Services /* theme */ .por
502,1848959040,canonical_open,1,1,,710,88346,Open,,unknown,,[#88346] Dispute - Invoice #1848959040 - Incomplete GPS (1 ride) : Medical Answering Services /* theme */ .portal--light { --fw-bo
503,1860943360,canonical_open,1,1,,703,88345,Open,,unknown,,[#88345] Dispute - Invoice #1860943360 - GPS Pickup Too Far from Medical Facility (1 ride) : Medical Answering Services /* theme */
504,1861175670,canonical_open,1,1,,699,88343,Open,,unknown,,[#88343] Dispute - Invoice #1861175670 - Incomplete GPS (1 ride) : Medical Answering Services /* theme */ .portal--light { --fw-bo
506,1859769690,canonical_open,1,1,,716,88352,Open,,unknown,,[#88352] Dispute - Invoice #1859769690 - Incomplete GPS (1 ride) : Medical Answering Services /* theme */ .portal--light { --fw-bo
507,1862137380,canonical_open,1,1,,715,88351,Open,,unknown,,[#88351] Dispute - Invoice #1862137380 - Claim Correction (1 ride) : Medical Answering Services /* theme */ .portal--light { --fw-
508,1862139230,canonical_open,1,1,,714,88350,Open,,unknown,,[#88350] Dispute - Invoice #1862139230 - GPS Pickup Too Far from Residence (1 ride) : Medical Answering Services /* theme */ .porta
509,1756282680,canonical_open,1,1,,829,88375,Open,,unknown,,[#88375] Dispute - Invoice #1756282680 - Claim Correction (1 ride) : Medical Answering Services /* theme */ .portal--light { --fw-
510,1861982010,canonical_open,1,1,,828,88390,Open,,unknown,,[#88390] Dispute - Invoice #1861982010 - Incomplete GPS (1 ride) : Medical Answering Services /* theme */ .portal--light { --fw-bo
511,1824044290,canonical_open,1,1,,826,88388,Open,,unknown,,[#88388] Dispute - Invoice #1824044290 - GPS Pickup Too Far from Medical Facility (1 ride) : Medical Answering Services /* theme */
512,1852610660,canonical_open,1,1,,825,88387,Open,,unknown,,[#88387] Dispute - Invoice #1852610660 - Time at Medical Facility Too Short (2 rides) : Medical Answering Services /* theme */ .por
513,1862003700,canonical_open,1,1,,824,88386,Open,,unknown,,[#88386] Dispute - Invoice #1862003700 - GPS Pickup Too Far from Residence (1 ride) : Medical Answering Services /* theme */ .porta
515,1861838840,canonical_open,1,1,,823,88385,Open,,unknown,,[#88385] Dispute - Invoice #1861838840 - Incomplete GPS (3 rides) : Medical Answering Services /* theme */ .portal--light { --fw-b
516,1858408850,synthetic_only,1,0,,1367,AAMkAGFhMzgwZGJjLTNkNjktNDlhYS1hM2I4LTE3MmI4YTlkNzhmMgBGAAAAAAAUhYVsiS-zQLf1GEtAsll-BwBVKgS5MpITR5VyLl_UBcCwAAAAAAEPAABVKgS5MpITR5VyLl_UBcCwAAVILckrAAA=,synthetic,,synthetic,,
517,1858792520,canonical_open,1,1,,822,88384,Open,,unknown,,[#88384] Dispute - Invoice #1858792520 - GPS Deviation Status (2 rides) : Medical Answering Services /* theme */ .portal--light { 
518,1859108920,canonical_open,1,1,,821,88383,Open,,unknown,,[#88383] Dispute - Invoice #1859108920 - GPS Pickup Too Far from Residence (1 ride) : Medical Answering Services /* theme */ .porta
520,1861629110,canonical_open,1,1,,641,88340,Open,,unknown,,[#88340] Dispute - Invoice #1861629110 - Incomplete GPS (3 rides) : Medical Answering Services /* theme */ .portal--light { --fw-b
521,1861536730,canonical_open,1,1,,820,88381,Open,mas_ticket_under_review,acknowledgment,,"Hi Accounting Agape, Ticket Under Review This ticket will be reviewed for GPS compliance. Important Notice: In the future, please use the ""GPS Control Devia"
522,1859839120,canonical_open,1,1,,925,88417,Open,,unknown,,[#88417] Dispute - Invoice #1859839120 - Time at Medical Facility Too Short (2 rides) : Medical Answering Services /* theme */ .por
523,1861097240,canonical_open,1,1,,819,88380,Open,,unknown,,[#88380] Dispute - Invoice #1861097240 - Time at Medical Facility Too Short (1 ride) : Medical Answering Services /* theme */ .port
524,1861850440,canonical_open,1,1,,717,88353,Open,,unknown,,[#88353] Dispute - Invoice #1861850440 - Incomplete GPS (2 rides) : Medical Answering Services /* theme */ .portal--light { --fw-b
525,1858967800,canonical_open,1,1,,818,88379,Open,,unknown,,[#88379] Dispute - Invoice #1858967800 - Incomplete GPS (1 ride) : Medical Answering Services /* theme */ .portal--light { --fw-bo
526,1859128300,canonical_open,1,1,,817,88378,Open,,unknown,,[#88378] Dispute - Invoice #1859128300 - Incomplete GPS (2 rides) : Medical Answering Services /* theme */ .portal--light { --fw-b
527,1838965660,canonical_open,1,1,,816,88377,Open,,unknown,,[#88377] Dispute - Invoice #1838965660 - Time at Medical Facility Too Short (2 rides) : Medical Answering Services /* theme */ .por
528,1859915610,canonical_open,1,1,,815,88376,Open,,unknown,,[#88376] Dispute - Invoice #1859915610 - Claim Correction (1 ride) : Medical Answering Services /* theme */ .portal--light { --fw-
529,1859948970,canonical_open,1,1,,814,88374,Open,,unknown,,[#88374] Dispute - Invoice #1859948970 - GPS Pickup Too Far from Medical Facility (1 ride) : Medical Answering Services /* theme */
530,1856914190,canonical_open,1,1,,812,88372,Open,,unknown,,[#88372] Dispute - Invoice #1856914190 - GPS Pickup Too Far from Medical Facility (1 ride) : Medical Answering Services /* theme */
532,1858682290,canonical_open,1,1,,739,88341,Open,,unknown,,[#88341] Dispute - Invoice #1858682290 - Incomplete GPS (1 ride) : Medical Answering Services /* theme */ .portal--light { --fw-bo
535,1860501860,canonical_open,1,1,,729,88348,Open,,unknown,,[#88348] Dispute - Invoice #1860501860 - GPS Pickup Too Far from Residence (2 rides) : Medical Answering Services /* theme */ .port
538,1826625250,canonical_open,1,1,,728,88347,Open,,unknown,,[#88347] Dispute - Invoice #1826625250 - Incomplete GPS (1 ride) : Medical Answering Services /* theme */ .portal--light { --fw-bo
542,1861230850,canonical_open,1,1,,726,88344,Open,,unknown,,[#88344] Dispute - Invoice #1861230850 - GPS Deviation Status (1 ride) : Medical Answering Services /* theme */ .portal--light { -
544,1764709550,canonical_open,1,1,,723,88342,Open,,unknown,,[#88342] Dispute - Invoice #1764709550 - GPS Deviation Status (2 rides) : Medical Answering Services /* theme */ .portal--light { 
545,1860599670,canonical_open,1,1,,722,88339,Open,,unknown,,[#88339] Dispute - Invoice #1860599670 - Incomplete GPS (2 rides) : Medical Answering Services /* theme */ .portal--light { --fw-b
547,1825444370,canonical_open,1,1,,721,88354,Open,,unknown,,[#88354] Dispute - Invoice #1825444370 - Time at Medical Facility Too Short (2 rides) : Medical Answering Services /* theme */ .por
549,1863592490,canonical_open,1,1,,937,88422,Open,,unknown,,[#88422] Dispute - Invoice #1863592490 - Incomplete GPS (1 ride) : Medical Answering Services /* theme */ .portal--light { --fw-bo
550,1861073780,canonical_open,1,1,,935,88427,Open,,unknown,,[#88427] Dispute - Invoice #1861073780 - GPS Deviation Status (2 rides) : Medical Answering Services /* theme */ .portal--light { 
551,1849163690,canonical_open,1,1,,933,88416,Open,,unknown,,[#88416] Dispute - Invoice #1849163690 - Claim Correction (1 ride) : Medical Answering Services /* theme */ .portal--light { --fw-
553,1854902170,canonical_open,1,1,,931,88424,Open,,unknown,,[#88424] Dispute - Invoice #1854902170 - GPS Pickup Too Far from Medical Facility (1 ride) : Medical Answering Services /* theme */
554,1769623550,canonical_open,1,1,,929,88421,Open,,unknown,,[#88421] Dispute - Invoice #1769623550 - GPS Pickup Too Far from Residence (1 ride) : Medical Answering Services /* theme */ .porta
555,1861996070,canonical_open,1,1,,928,88420,Open,,unknown,,[#88420] Dispute - Invoice #1861996070 - GPS Pickup Too Far from Residence (2 rides) : Medical Answering Services /* theme */ .port
556,1861094450,canonical_open,1,1,,938,88428,Open,,unknown,,[#88428] Dispute - Invoice #1861094450 - Time at Medical Facility Too Short (2 rides) : Medical Answering Services /* theme */ .por
557,1862278760,canonical_open,1,1,,926,88418,Open,,unknown,,[#88418] Dispute - Invoice #1862278760 - GPS Pickup Too Far from Residence (2 rides) : Medical Answering Services /* theme */ .port
558,1834698690,canonical_open,1,1,,921,88413,Open,,unknown,,[#88413] Dispute - Invoice #1834698690 - GPS Pickup Too Far from Residence (1 ride) : Medical Answering Services /* theme */ .porta
559,1861766790,canonical_open,1,1,,920,88412,Open,,unknown,,[#88412] Dispute - Invoice #1861766790 - GPS Pickup Too Far from Residence (1 ride) : Medical Answering Services /* theme */ .porta
560,1860893080,canonical_open,1,1,,923,88414,Open,,unknown,,[#88414] Dispute - Invoice #1860893080 - GPS Pickup Too Far from Residence (2 rides) : Medical Answering Services /* theme */ .port
561,1863359360,canonical_open,1,1,,903,88405,Open,,unknown,,[#88405] Dispute - Invoice #1863359360 - GPS Pickup Too Far from Medical Facility (1 ride) : Medical Answering Services /* theme */
562,1857779860,canonical_open,1,1,,918,88410,Open,,unknown,,[#88410] Dispute - Invoice #1857779860 - GPS Pickup Too Far from Medical Facility (1 ride) : Medical Answering Services /* theme */
563,1861000070,canonical_open,1,1,,917,88409,Open,,unknown,,[#88409] Dispute - Invoice #1861000070 - GPS Deviation Status (2 rides) : Medical Answering Services /* theme */ .portal--light { 
564,1863832450,canonical_open,1,1,,852,88401,Open,,unknown,,[#88401] Dispute - Invoice #1863832450 - GPS Pickup Too Far from Residence (2 rides) : Medical Answering Services /* theme */ .port
566,1860337610,canonical_open,1,1,,915,88407,Open,,unknown,,[#88407] Dispute - Invoice #1860337610 - Time at Medical Facility Too Short (1 ride) : Medical Answering Services /* theme */ .port
567,1861687740,canonical_open,1,1,,936,88426,Open,,unknown,,[#88426] Dispute - Invoice #1861687740 - GPS Pickup Too Far from Medical Facility (1 ride) : Medical Answering Services /* theme */
569,1863665630,canonical_open,1,1,,854,88402,Open,,unknown,,[#88402] Dispute - Invoice #1863665630 - Claim Correction (1 ride) : Medical Answering Services /* theme */ .portal--light { --fw-
570,1863853690,canonical_open,1,1,,851,88400,Open,,unknown,,[#88400] Dispute - Invoice #1863853690 - Incomplete GPS (1 ride) : Medical Answering Services /* theme */ .portal--light { --fw-bo
571,1862863300,canonical_open,1,1,,840,88396,Open,,unknown,,[#88396] Dispute - Invoice #1862863300 - Claim Correction (1 ride) : Medical Answering Services /* theme */ .portal--light { --fw-
572,1863011710,canonical_open,1,1,,934,88425,Open,,unknown,,[#88425] Dispute - Invoice #1863011710 - Incomplete GPS (2 rides) : Medical Answering Services /* theme */ .portal--light { --fw-b
573,1862553730,canonical_open,1,1,,845,88399,Open,,unknown,,[#88399] Dispute - Invoice #1862553730 - Time at Medical Facility Too Short (2 rides) : Medical Answering Services /* theme */ .por
575,1847398500,canonical_open,1,1,,839,88395,Open,,unknown,,[#88395] Dispute - Invoice #1847398500 - Claim Correction (1 ride) : Medical Answering Services /* theme */ .portal--light { --fw-
576,1862729230,canonical_open,1,1,,834,88391,Open,,unknown,,[#88391] Dispute - Invoice #1862729230 - GPS Deviation Status (2 rides) : Medical Answering Services /* theme */ .portal--light { 
577,1864125540,canonical_open,1,1,,863,88404,Open,,unknown,,[#88404] Dispute - Invoice #1864125540 - GPS Deviation Status (2 rides) : Medical Answering Services /* theme */ .portal--light { 
578,1863989830,canonical_open,1,1,,836,88393,Open,mas_ticket_under_review,acknowledgment,,"Hi Accounting Agape, Ticket Under Review This ticket will be reviewed for GPS compliance. Important Notice: In the future, please use the ""GPS Control Devia"
579,1853941440,canonical_open,1,1,,837,88394,Open,mas_ticket_under_review,acknowledgment,,"Hi Accounting Agape, Ticket Under Review This ticket will be reviewed for GPS compliance. Important Notice: In the future, please use the ""GPS Control Devia"
583,1859185290,canonical_open,1,1,,860,88403,Open,,unknown,,[#88403] Dispute - Invoice #1859185290 - Incomplete GPS (1 ride) : Medical Answering Services /* theme */ .portal--light { --fw-bo
584,1862680770,canonical_open,1,1,,835,88392,Open,,unknown,,[#88392] Dispute - Invoice #1862680770 - Time at Medical Facility Too Short (2 rides) : Medical Answering Services /* theme */ .por
585,1864156080,canonical_open,1,1,,844,88397,Open,,unknown,,[#88397] Dispute - Invoice #1864156080 - Claim Correction (1 ride) : Medical Answering Services /* theme */ .portal--light { --fw-
588,1858662120,canonical_open,1,1,,973,88461,Open,,unknown,,[#88461] Dispute - Invoice #1858662120 - Incomplete GPS (1 ride) : Medical Answering Services /* theme */ .portal--light { --fw-bo
589,1861312130,canonical_open,1,1,,978,88464,Open,,unknown,,[#88464] Dispute - Invoice #1861312130 - Incomplete GPS (1 ride) : Medical Answering Services /* theme */ .portal--light { --fw-bo
590,1863576910,canonical_open,1,1,,971,88459,Open,,unknown,,[#88459] Dispute - Invoice #1863576910 - Time at Medical Facility Too Short (2 rides) : Medical Answering Services /* theme */ .por
591,1863728960,canonical_open,1,1,,976,88437,Open,mas_ticket_under_review,acknowledgment,,"Hi Accounting Agape, Ticket Under Review This ticket will be reviewed for GPS compliance. Important Notice: In the future, please use the ""GPS Control Devia"
592,1846089520,canonical_open,1,1,,969,88458,Open,,unknown,,[#88458] Dispute - Invoice #1846089520 - GPS Pickup Too Far from Medical Facility (1 ride) : Medical Answering Services /* theme */
594,1864673950,canonical_open,1,1,,967,88457,Open,,unknown,,[#88457] Dispute - Invoice #1864673950 - Incomplete GPS (1 ride) : Medical Answering Services /* theme */ .portal--light { --fw-bo
595,1863257360,canonical_open,1,1,,974,88462,Open,,unknown,,[#88462] Dispute - Invoice #1863257360 - GPS Pickup Too Far from Residence (1 ride) : Medical Answering Services /* theme */ .porta
596,1863448780,canonical_open,1,1,,965,88456,Open,,unknown,,[#88456] Dispute - Invoice #1863448780 - Time at Medical Facility Too Short (2 rides) : Medical Answering Services /* theme */ .por
597,1817461380,canonical_open,1,1,,972,88460,Open,,unknown,,[#88460] Dispute - Invoice #1817461380 - GPS Pickup Too Far from Medical Facility (1 ride) : Medical Answering Services /* theme */
598,1860729100,canonical_open,1,1,,963,88454,Open,,unknown,,[#88454] Dispute - Invoice #1860729100 - GPS Pickup Too Far from Residence (2 rides) : Medical Answering Services /* theme */ .port
599,1862521560,canonical_open,1,1,,970,88436,Open,,unknown,,[#88436] Dispute - Invoice #1862521560 - Incomplete GPS (1 ride) : Medical Answering Services /* theme */ .portal--light { --fw-bo
601,1847918090,canonical_open,1,1,,968,88444,Open,mas_ticket_under_review,acknowledgment,,"Hi Accounting Agape, Ticket Under Review This ticket will be reviewed for GPS compliance. Important Notice: In the future, please use the ""GPS Control Devia"
602,1853969630,synthetic_only,1,0,,966,AAMkAGFhMzgwZGJjLTNkNjktNDlhYS1hM2I4LTE3MmI4YTlkNzhmMgBGAAAAAAAUhYVsiS-zQLf1GEtAsll-BwBVKgS5MpITR5VyLl_UBcCwAAAAAAEPAABVKgS5MpITR5VyLl_UBcCwAAVG5lcFAAA=,synthetic,,synthetic,,
603,1833736170,canonical_open,1,1,,964,88455,Open,,unknown,,[#88455] Dispute - Invoice #1833736170 - GPS Pickup Too Far from Medical Facility (1 ride) : Medical Answering Services /* theme */
604,1862319170,canonical_open,1,1,,960,88452,Open,,unknown,,[#88452] Dispute - Invoice #1862319170 - GPS Deviation Status (2 rides) : Medical Answering Services /* theme */ .portal--light { 
605,1864377830,synthetic_only,1,0,,962,AAMkAGFhMzgwZGJjLTNkNjktNDlhYS1hM2I4LTE3MmI4YTlkNzhmMgBGAAAAAAAUhYVsiS-zQLf1GEtAsll-BwBVKgS5MpITR5VyLl_UBcCwAAAAAAEPAABVKgS5MpITR5VyLl_UBcCwAAVG5lcEAAA=,synthetic,,synthetic,,
606,1862915320,canonical_open,1,1,,961,88453,Open,mas_ticket_under_review,acknowledgment,,"Hi Accounting Agape, Ticket Under Review This ticket will be reviewed for GPS compliance. Important Notice: In the future, please use the ""GPS Control Devia"
607,1862323980,canonical_open,1,1,,959,88450,Open,,unknown,,[#88450] Dispute - Invoice #1862323980 - GPS Pickup Too Far from Medical Facility (1 ride) : Medical Answering Services /* theme */
609,1857046080,canonical_open,1,1,,958,88448,Open,,unknown,,[#88448] Dispute - Invoice #1857046080 - GPS Pickup Too Far from Medical Facility (1 ride) : Medical Answering Services /* theme */
610,1863849230,canonical_open,1,1,,957,88486,Open,,unknown,,[#88486] Dispute - Invoice #1863849230 - GPS Pickup Too Far from Medical Facility (1 ride) : Medical Answering Services /* theme */
611,1852610680,canonical_open,1,1,,956,88470,Open,,unknown,,[#88470] Dispute - Invoice #1852610680 - Time at Medical Facility Too Short (2 rides) : Medical Answering Services /* theme */ .por
612,1861538540,canonical_open,1,1,,955,88447,Open,,unknown,,[#88447] Dispute - Invoice #1861538540 - Incomplete GPS (1 ride) : Medical Answering Services /* theme */ .portal--light { --fw-bo
613,1864383610,canonical_open,1,1,,954,88446,Open,,unknown,,[#88446] Dispute - Invoice #1864383610 - Time at Medical Facility Too Short (2 rides) : Medical Answering Services /* theme */ .por
614,1861878760,canonical_open,1,1,,953,88445,Open,,unknown,,[#88445] Dispute - Invoice #1861878760 - GPS Deviation Status (2 rides) : Medical Answering Services /* theme */ .portal--light { 
615,1862922170,synthetic_only,1,0,,952,AAMkAGFhMzgwZGJjLTNkNjktNDlhYS1hM2I4LTE3MmI4YTlkNzhmMgBGAAAAAAAUhYVsiS-zQLf1GEtAsll-BwBVKgS5MpITR5VyLl_UBcCwAAAAAAEPAABVKgS5MpITR5VyLl_UBcCwAAVG5lcDAAA=,synthetic,,synthetic,,
617,1861203960,canonical_open,1,1,,951,88443,Open,,unknown,,[#88443] Dispute - Invoice #1861203960 - GPS Deviation Status (2 rides) : Medical Answering Services /* theme */ .portal--light { 
618,1856786900,synthetic_only,1,0,,950,AAMkAGFhMzgwZGJjLTNkNjktNDlhYS1hM2I4LTE3MmI4YTlkNzhmMgBGAAAAAAAUhYVsiS-zQLf1GEtAsll-BwBVKgS5MpITR5VyLl_UBcCwAAAAAAEPAABVKgS5MpITR5VyLl_UBcCwAAVG5lcCAAA=,synthetic,,synthetic,,
621,1862863940,canonical_open,1,1,,946,88440,Open,,unknown,,[#88440] Dispute - Invoice #1862863940 - Time at Medical Facility Too Short (1 ride) : Medical Answering Services /* theme */ .port
622,1863662870,synthetic_only,1,0,,945,AAMkAGFhMzgwZGJjLTNkNjktNDlhYS1hM2I4LTE3MmI4YTlkNzhmMgBGAAAAAAAUhYVsiS-zQLf1GEtAsll-BwBVKgS5MpITR5VyLl_UBcCwAAAAAAEPAABVKgS5MpITR5VyLl_UBcCwAAVG5lcAAAA=,synthetic,,synthetic,,
624,1845479290,canonical_open,1,1,,1059,88523,Open,,unknown,,[#88523] Dispute - Invoice #1845479290 - GPS Pickup Too Far from Residence (2 rides) : Medical Answering Services /* theme */ .port
625,1803597960,canonical_open,1,1,,1058,88522,Open,,unknown,,[#88522] Dispute - Invoice #1803597960 - Time at Medical Facility Too Short (2 rides) : Medical Answering Services /* theme */ .por
626,1863020310,canonical_open,1,1,,944,88439,Open,,unknown,,[#88439] Dispute - Invoice #1863020310 - Incomplete GPS (2 rides) : Medical Answering Services /* theme */ .portal--light { --fw-b
627,1864788720,canonical_open,1,1,,940,88429,Open,,unknown,,[#88429] Dispute - Invoice #1864788720 - GPS Destination Too Far from Medical Facility (1 ride) : Medical Answering Services /* the
628,1864957890,canonical_open,1,1,,942,88438,Open,,unknown,,[#88438] Dispute - Invoice #1864957890 - GPS Destination Too Far from Medical Facility (1 ride) : Medical Answering Services /* the
630,1862553740,canonical_open,1,1,,939,88423,Open,,unknown,,[#88423] Dispute - Invoice #1862553740 - Time at Medical Facility Too Short (2 rides) : Medical Answering Services /* theme */ .por
632,1863322990,canonical_open,1,1,,1369,89472,Open,,unknown,,[#89472] Dispute - Invoice #1863322990 - GPS Deviation Status (2 rides) : Medical Answering Services /* theme */ .portal--light { 
633,1854191820,canonical_open,1,1,,1368,89471,Open,,unknown,,[#89471] Dispute - Invoice #1854191820 - GPS Pickup Too Far from Residence (1 ride) : Medical Answering Services /* theme */ .porta
637,1861723440,canonical_open,1,1,,992,88441,Open,,unknown,,[#88441] Dispute - Invoice #1861723440 - Incomplete GPS (1 ride) : Medical Answering Services /* theme */ .portal--light { --fw-bo
639,1852527230,canonical_open,1,1,,1061,88526,Open,,unknown,,[#88526] Dispute - Invoice #1852527230 - GPS Deviation Status (2 rides) : Medical Answering Services /* theme */ .portal--light { 
640,1863443160,canonical_open,1,1,,1060,88525,Open,,unknown,,[#88525] Dispute - Invoice #1863443160 - GPS Pickup Too Far from Medical Facility (1 ride) : Medical Answering Services /* theme */
642,1841126890,canonical_open,1,1,,990,88476,Open,,unknown,,[#88476] Dispute - Invoice #1841126890 - GPS Deviation Status (2 rides) : Medical Answering Services /* theme */ .portal--light { 
646,1864121460,canonical_open,1,1,,1134,88433,Open,,unknown,,[#88433] Dispute - Invoice #1864121460 - Incomplete GPS (1 ride) : Medical Answering Services /* theme */ .portal--light { --fw-bo
648,1863349150,canonical_open,1,1,,986,88472,Open,,unknown,,[#88472] Dispute - Invoice #1863349150 - Incomplete GPS (1 ride) : Medical Answering Services /* theme */ .portal--light { --fw-bo
649,1860873470,canonical_open,1,1,,985,88471,Open,,unknown,,[#88471] Dispute - Invoice #1860873470 - GPS Pickup Too Far from Residence (1 ride) : Medical Answering Services /* theme */ .porta
650,1864261370,canonical_open,1,1,,984,88468,Open,mas_ticket_under_review,acknowledgment,,"Hi Accounting Agape, Ticket Under Review This ticket will be reviewed for GPS compliance. Important Notice: In the future, please use the ""GPS Control Devia"
651,1862205240,canonical_open,1,1,,988,88474,Open,,unknown,,[#88474] Dispute - Invoice #1862205240 - Incomplete GPS (2 rides) : Medical Answering Services /* theme */ .portal--light { --fw-b
652,1864429780,canonical_open,1,1,,983,88467,Open,,unknown,,[#88467] Dispute - Invoice #1864429780 - GPS Deviation Status (2 rides) : Medical Answering Services /* theme */ .portal--light { 
653,1857990710,canonical_open,1,1,,982,88469,Open,,unknown,,[#88469] Dispute - Invoice #1857990710 - Time at Medical Facility Too Short (2 rides) : Medical Answering Services /* theme */ .por
659,1837942600,canonical_open,1,1,,981,88466,Open,,unknown,,[#88466] Dispute - Invoice #1837942600 - GPS Destination Too Far from Medical Facility (1 ride) : Medical Answering Services /* the
660,1862531660,canonical_open,1,1,,977,88451,Open,,unknown,,[#88451] Dispute - Invoice #1862531660 - GPS Pickup Too Far from Medical Facility (1 ride) : Medical Answering Services /* theme */
661,1852610690,canonical_open,1,1,,979,88465,Open,,unknown,,[#88465] Dispute - Invoice #1852610690 - Time at Medical Facility Too Short (2 rides) : Medical Answering Services /* theme */ .por
662,1864810640,canonical_open,1,1,,975,88463,Open,,unknown,,[#88463] Dispute - Invoice #1864810640 - GPS Pickup Too Far from Residence (1 ride) : Medical Answering Services /* theme */ .porta
669,1865775990,canonical_open,1,1,,1034,88510,Open,,unknown,,[#88510] Dispute - Invoice #1865775990 - GPS Pickup Too Far from Medical Facility (1 ride) : Medical Answering Services /* theme */
670,1865787260,canonical_open,1,1,,987,88473,Open,,unknown,,[#88473] Dispute - Invoice #1865787260 - Incomplete GPS (1 ride) : Medical Answering Services /* theme */ .portal--light { --fw-bo
671,1865797950,canonical_open,1,1,,995,88481,Open,,unknown,,[#88481] Dispute - Invoice #1865797950 - Incomplete GPS (1 ride) : Medical Answering Services /* theme */ .portal--light { --fw-bo
707,1778249440,canonical_open,1,1,,1403,89615,Open,,unknown,,[#89615] Dispute - Invoice #1778249440 - Incomplete GPS (1 ride) : Medical Answering Services /* theme */ .portal--light { --fw-bo
708,1865377830,canonical_open,1,1,,1401,89614,Open,,unknown,,[#89614] Dispute - Invoice #1865377830 - GPS Destination Too Far from Medical Facility (1 ride) : Medical Answering Services /* the
710,1830114650,canonical_open,1,1,,1400,89613,Open,,unknown,,[#89613] Dispute - Invoice #1830114650 - Incomplete GPS (1 ride) : Medical Answering Services /* theme */ .portal--light { --fw-bo
713,1865568110,canonical_open,1,1,,1399,89612,Open,,unknown,,[#89612] Dispute - Invoice #1865568110 - Incomplete GPS (1 ride) : Medical Answering Services /* theme */ .portal--light { --fw-bo
714,1772418240,canonical_open,1,1,,1072,88538,Open,,unknown,,[#88538] Dispute - Invoice #1772418240 - Incomplete GPS (1 ride) : Medical Answering Services /* theme */ .portal--light { --fw-bo
715,1860670880,canonical_open,1,1,,1398,89611,Open,,unknown,,[#89611] Dispute - Invoice #1860670880 - Incomplete GPS (1 ride) : Medical Answering Services /* theme */ .portal--light { --fw-bo
716,1820916500,canonical_open,1,1,,1397,89610,Open,,unknown,,[#89610] Dispute - Invoice #1820916500 - Incomplete GPS (1 ride) : Medical Answering Services /* theme */ .portal--light { --fw-bo
717,1856990030,canonical_open,1,1,,1396,89609,Open,,unknown,,[#89609] Dispute - Invoice #1856990030 - Incomplete GPS (1 ride) : Medical Answering Services /* theme */ .portal--light { --fw-bo
719,1845079550,canonical_open,1,1,,1395,89608,Open,,unknown,,[#89608] Dispute - Invoice #1845079550 - Incomplete GPS (1 ride) : Medical Answering Services /* theme */ .portal--light { --fw-bo
720,1859602470,canonical_open,1,1,,1380,89593,Open,,unknown,,[#89593] Dispute - Invoice #1859602470 - GPS Deviation Status (2 rides) : Medical Answering Services /* theme */ .portal--light { 
721,1866349120,canonical_open,1,1,,1381,89594,Open,,unknown,,[#89594] Dispute - Invoice #1866349120 - Incomplete GPS (1 ride) : Medical Answering Services /* theme */ .portal--light { --fw-bo
722,1862602780,canonical_open,1,1,,1382,89595,Open,,unknown,,[#89595] Dispute - Invoice #1862602780 - Incomplete GPS (1 ride) : Medical Answering Services /* theme */ .portal--light { --fw-bo
723,1826759660,canonical_open,1,1,,1383,89596,Open,,unknown,,[#89596] Dispute - Invoice #1826759660 - GPS Pickup Too Far from Medical Facility (1 ride) : Medical Answering Services /* theme */
724,1865209610,canonical_open,1,1,,1384,89598,Open,,unknown,,[#89598] Dispute - Invoice #1865209610 - Incomplete GPS (1 ride) : Medical Answering Services /* theme */ .portal--light { --fw-bo
725,1822668320,canonical_open,1,1,,1385,89597,Open,,unknown,,[#89597] Dispute - Invoice #1822668320 - Incomplete GPS (1 ride) : Medical Answering Services /* theme */ .portal--light { --fw-bo
727,1807836920,canonical_open,1,1,,1040,88513,Open,,unknown,,[#88513] Dispute - Invoice #1807836920 - Incomplete GPS (1 ride) : Medical Answering Services /* theme */ .portal--light { --fw-bo
728,1857206330,canonical_open,1,1,,1386,89599,Open,,unknown,,[#89599] Dispute - Invoice #1857206330 - Incomplete GPS (1 ride) : Medical Answering Services /* theme */ .portal--light { --fw-bo
729,1862139520,canonical_open,1,1,,1387,89600,Open,,unknown,,[#89600] Dispute - Invoice #1862139520 - Incomplete GPS (1 ride) : Medical Answering Services /* theme */ .portal--light { --fw-bo
730,1842637850,canonical_open,1,1,,1388,89601,Open,,unknown,,[#89601] Dispute - Invoice #1842637850 - Incomplete GPS (1 ride) : Medical Answering Services /* theme */ .portal--light { --fw-bo
731,1863742700,canonical_open,1,1,,1389,89602,Open,,unknown,,[#89602] Dispute - Invoice #1863742700 - Incomplete GPS (1 ride) : Medical Answering Services /* theme */ .portal--light { --fw-bo
732,1826625270,canonical_open,1,1,,1390,89603,Open,,unknown,,[#89603] Dispute - Invoice #1826625270 - Incomplete GPS (1 ride) : Medical Answering Services /* theme */ .portal--light { --fw-bo
735,1865532360,canonical_open,1,1,,1070,88542,Open,,unknown,,[#88542] Dispute - Invoice #1865532360 - Incomplete GPS (1 ride) : Medical Answering Services /* theme */ .portal--light { --fw-bo
736,1825311060,canonical_open,1,1,,1394,89607,Open,,unknown,,[#89607] Dispute - Invoice #1825311060 - Incomplete GPS (1 ride) : Medical Answering Services /* theme */ .portal--light { --fw-bo
737,1864130950,canonical_open,1,1,,1393,89606,Open,,unknown,,[#89606] Dispute - Invoice #1864130950 - Incomplete GPS (1 ride) : Medical Answering Services /* theme */ .portal--light { --fw-bo
738,1864796540,canonical_open,1,1,,1392,89605,Open,,unknown,,[#89605] Dispute - Invoice #1864796540 - Incomplete GPS (1 ride) : Medical Answering Services /* theme */ .portal--light { --fw-bo
739,1865000850,canonical_open,1,1,,1391,89604,Open,,unknown,,[#89604] Dispute - Invoice #1865000850 - Incomplete GPS (1 ride) : Medical Answering Services /* theme */ .portal--light { --fw-bo
740,1854459980,canonical_open,1,1,,1379,89592,Open,,unknown,,[#89592] Dispute - Invoice #1854459980 - Incomplete GPS (1 ride) : Medical Answering Services /* theme */ .portal--light { --fw-bo
741,1772287030,canonical_open,1,1,,1378,89591,Open,,unknown,,[#89591] Dispute - Invoice #1772287030 - Incomplete GPS (1 ride) : Medical Answering Services /* theme */ .portal--light { --fw-bo
742,1853877420,canonical_open,1,1,,1377,89590,Open,,unknown,,[#89590] Dispute - Invoice #1853877420 - Incomplete GPS (1 ride) : Medical Answering Services /* theme */ .portal--light { --fw-bo
743,1866395080,canonical_open,1,1,,1140,88431,Open,,unknown,,[#88431] Dispute - Invoice #1866395080 - Incomplete GPS (1 ride) : Medical Answering Services /* theme */ .portal--light { --fw-bo
745,1845043270,canonical_open,1,1,,1069,88537,Open,,unknown,,[#88537] Dispute - Invoice #1845043270 - Incomplete GPS (1 ride) : Medical Answering Services /* theme */ .portal--light { --fw-bo
746,1865987650,canonical_open,1,1,,1132,88432,Open,,unknown,,[#88432] Dispute - Invoice #1865987650 - Incomplete GPS (1 ride) : Medical Answering Services /* theme */ .portal--light { --fw-bo
747,1863121140,canonical_open,1,1,,1068,88534,Open,,unknown,,[#88534] Dispute - Invoice #1863121140 - Incomplete GPS (1 ride) : Medical Answering Services /* theme */ .portal--light { --fw-bo
749,1865654320,canonical_open,1,1,,1376,89480,Open,,unknown,,[#89480] Dispute - Invoice #1865654320 - GPS Pickup Too Far from Medical Facility (1 ride) : Medical Answering Services /* theme */
750,1865412890,canonical_open,1,1,,1375,89479,Open,,unknown,,[#89479] Dispute - Invoice #1865412890 - Incomplete GPS (1 ride) : Medical Answering Services /* theme */ .portal--light { --fw-bo
751,1865434170,canonical_open,1,1,,1144,88435,Open,,unknown,,[#88435] Dispute - Invoice #1865434170 - Incomplete GPS (1 ride) : Medical Answering Services /* theme */ .portal--light { --fw-bo
752,1865799080,canonical_open,1,1,,1374,89477,Open,,unknown,,[#89477] Dispute - Invoice #1865799080 - GPS Pickup Too Far from Medical Facility (1 ride) : Medical Answering Services /* theme */
753,1865678350,canonical_open,1,1,,1373,89476,Open,,unknown,,[#89476] Dispute - Invoice #1865678350 - Incomplete GPS (1 ride) : Medical Answering Services /* theme */ .portal--light { --fw-bo
754,1864936690,canonical_open,1,1,,1370,89473,Open,,unknown,,[#89473] Dispute - Invoice #1864936690 - Incomplete GPS (1 ride) : Medical Answering Services /* theme */ .portal--light { --fw-bo
756,1866305830,canonical_open,1,1,,1054,88520,Open,,unknown,,[#88520] Dispute - Invoice #1866305830 - Incomplete GPS (1 ride) : Medical Answering Services /* theme */ .portal--light { --fw-bo
757,1859255200,canonical_open,1,1,,1031,88509,Open,,unknown,,[#88509] Dispute - Invoice #1859255200 - Incomplete GPS (1 ride) : Medical Answering Services /* theme */ .portal--light { --fw-bo
758,1794556130,canonical_open,1,1,,1052,88519,Open,,unknown,,[#88519] Dispute - Invoice #1794556130 - Incomplete GPS (1 ride) : Medical Answering Services /* theme */ .portal--light { --fw-bo
759,1865590940,canonical_open,1,1,,1051,88518,Open,,unknown,,[#88518] Dispute - Invoice #1865590940 - Incomplete GPS (1 ride) : Medical Answering Services /* theme */ .portal--light { --fw-bo
762,1862751320,canonical_open,1,1,,1038,88512,Open,,unknown,,[#88512] Dispute - Invoice #1862751320 - Incomplete GPS (1 ride) : Medical Answering Services /* theme */ .portal--light { --fw-bo
769,1842899200,canonical_open,1,1,,1036,88511,Open,,unknown,,[#88511] Dispute - Invoice #1842899200 - Incomplete GPS (1 ride) : Medical Answering Services /* theme */ .portal--light { --fw-bo
776,1865492320,canonical_open,1,1,,1153,88545,Open,,unknown,,[#88545] Dispute - Invoice #1865492320 - Claim Correction (1 ride) : Medical Answering Services /* theme */ .portal--light { --fw-
781,1823418450,canonical_open,1,1,,1057,88521,Open,,unknown,,[#88521] Dispute - Invoice #1823418450 - Incomplete GPS (1 ride) : Medical Answering Services /* theme */ .portal--light { --fw-bo
783,1866602090,canonical_open,1,1,,1142,88434,Open,,unknown,,[#88434] Dispute - Invoice #1866602090 - Incomplete GPS (1 ride) : Medical Answering Services /* theme */ .portal--light { --fw-bo
786,1866375850,canonical_open,1,1,,1067,88533,Open,,unknown,,[#88533] Dispute - Invoice #1866375850 - Incomplete GPS (1 ride) : Medical Answering Services /* theme */ .portal--light { --fw-bo
787,1858054540,canonical_open,1,1,,1023,88506,Open,,unknown,,[#88506] Dispute - Invoice #1858054540 - Incomplete GPS (1 ride) : Medical Answering Services /* theme */ .portal--light { --fw-bo
788,1866411190,canonical_open,1,1,,1029,88508,Open,,unknown,,[#88508] Dispute - Invoice #1866411190 - Incomplete GPS (1 ride) : Medical Answering Services /* theme */ .portal--light { --fw-bo
789,1856606300,canonical_open,1,1,,1050,88517,Open,,unknown,,[#88517] Dispute - Invoice #1856606300 - Incomplete GPS (1 ride) : Medical Answering Services /* theme */ .portal--light { --fw-bo
790,1866614010,canonical_open,1,1,,1045,88514,Open,,unknown,,[#88514] Dispute - Invoice #1866614010 - Incomplete GPS (1 ride) : Medical Answering Services /* theme */ .portal--light { --fw-bo
792,1854695760,canonical_open,1,1,,1048,88516,Open,,unknown,,[#88516] Dispute - Invoice #1854695760 - Incomplete GPS (2 rides) : Medical Answering Services /* theme */ .portal--light { --fw-b
793,1864483860,canonical_open,1,1,,1066,88532,Open,,unknown,,[#88532] Dispute - Invoice #1864483860 - Incomplete GPS (1 ride) : Medical Answering Services /* theme */ .portal--light { --fw-bo
794,1866629420,canonical_open,1,1,,1065,88531,Open,,unknown,,[#88531] Dispute - Invoice #1866629420 - Incomplete GPS (1 ride) : Medical Answering Services /* theme */ .portal--light { --fw-bo
795,1866199530,canonical_open,1,1,,1064,88524,Open,,unknown,,[#88524] Dispute - Invoice #1866199530 - Incomplete GPS (1 ride) : Medical Answering Services /* theme */ .portal--light { --fw-bo
796,1863894470,canonical_open,1,1,,1063,88528,Open,,unknown,,[#88528] Dispute - Invoice #1863894470 - Incomplete GPS (1 ride) : Medical Answering Services /* theme */ .portal--light { --fw-bo
797,1861218550,canonical_open,1,1,,1021,88505,Open,,unknown,,[#88505] Dispute - Invoice #1861218550 - Incomplete GPS (1 ride) : Medical Answering Services /* theme */ .portal--light { --fw-bo
798,1823516170,canonical_open,1,1,,1062,88527,Open,,unknown,,[#88527] Dispute - Invoice #1823516170 - Incomplete GPS (1 ride) : Medical Answering Services /* theme */ .portal--light { --fw-bo
799,1864509660,canonical_open,1,1,,1020,88503,Open,,unknown,,[#88503] Dispute - Invoice #1864509660 - Incomplete GPS (1 ride) : Medical Answering Services /* theme */ .portal--light { --fw-bo
800,1820474260,canonical_open,1,1,,1019,88502,Open,,unknown,,[#88502] Dispute - Invoice #1820474260 - Incomplete GPS (2 rides) : Medical Answering Services /* theme */ .portal--light { --fw-b
801,1866593570,canonical_open,1,1,,1018,88501,Open,,unknown,,[#88501] Dispute - Invoice #1866593570 - Incomplete GPS (2 rides) : Medical Answering Services /* theme */ .portal--light { --fw-b
802,1864784480,canonical_open,1,1,,1017,88530,Open,,unknown,,[#88530] Dispute - Invoice #1864784480 - Incomplete GPS (1 ride) : Medical Answering Services /* theme */ .portal--light { --fw-bo
803,1866633340,canonical_open,1,1,,1016,88500,Open,,unknown,,[#88500] Dispute - Invoice #1866633340 - Incomplete GPS (1 ride) : Medical Answering Services /* theme */ .portal--light { --fw-bo
804,1852113730,canonical_open,1,1,,1015,88499,Open,,unknown,,[#88499] Dispute - Invoice #1852113730 - Incomplete GPS (1 ride) : Medical Answering Services /* theme */ .portal--light { --fw-bo
805,1861985690,canonical_open,1,1,,1014,88498,Open,,unknown,,[#88498] Dispute - Invoice #1861985690 - Incomplete GPS (1 ride) : Medical Answering Services /* theme */ .portal--light { --fw-bo
806,1864554530,canonical_open,1,1,,1013,88497,Open,,unknown,,[#88497] Dispute - Invoice #1864554530 - Incomplete GPS (1 ride) : Medical Answering Services /* theme */ .portal--light { --fw-bo
807,1863634270,canonical_open,1,1,,1012,88496,Open,,unknown,,[#88496] Dispute - Invoice #1863634270 - Incomplete GPS (1 ride) : Medical Answering Services /* theme */ .portal--light { --fw-bo
808,1865680390,canonical_open,1,1,,914,88406,Open,,unknown,,[#88406] Dispute - Invoice #1865680390 - Incomplete GPS (1 ride) : Medical Answering Services /* theme */ .portal--light { --fw-bo
809,1865396720,canonical_open,1,1,,1003,88504,Open,,unknown,,[#88504] Dispute - Invoice #1865396720 - Incomplete GPS (1 ride) : Medical Answering Services /* theme */ .portal--light { --fw-bo
810,1865747360,canonical_open,1,1,,1001,88487,Open,,unknown,,[#88487] Dispute - Invoice #1865747360 - Incomplete GPS (1 ride) : Medical Answering Services /* theme */ .portal--light { --fw-bo
811,1863900450,canonical_open,1,1,,1011,88495,Open,,unknown,,[#88495] Dispute - Invoice #1863900450 - Incomplete GPS (1 ride) : Medical Answering Services /* theme */ .portal--light { --fw-bo
812,1866138350,canonical_open,1,1,,1010,88494,Open,,unknown,,[#88494] Dispute - Invoice #1866138350 - Incomplete GPS (1 ride) : Medical Answering Services /* theme */ .portal--light { --fw-bo
813,1865701580,canonical_open,1,1,,1009,88477,Open,,unknown,,[#88477] Dispute - Invoice #1865701580 - Incomplete GPS (1 ride) : Medical Answering Services /* theme */ .portal--light { --fw-bo
814,1840529780,canonical_open,1,1,,1008,88493,Open,,unknown,,[#88493] Dispute - Invoice #1840529780 - Incomplete GPS (1 ride) : Medical Answering Services /* theme */ .portal--light { --fw-bo
815,1863419510,canonical_open,1,1,,1007,88491,Open,,unknown,,[#88491] Dispute - Invoice #1863419510 - Incomplete GPS (1 ride) : Medical Answering Services /* theme */ .portal--light { --fw-bo
816,1777226290,canonical_open,1,1,,1006,88490,Open,,unknown,,[#88490] Dispute - Invoice #1777226290 - Incomplete GPS (1 ride) : Medical Answering Services /* theme */ .portal--light { --fw-bo
817,1865645630,canonical_open,1,1,,1005,88492,Open,,unknown,,[#88492] Dispute - Invoice #1865645630 - Incomplete GPS (2 rides) : Medical Answering Services /* theme */ .portal--light { --fw-b
819,1865860670,canonical_open,1,1,,1004,88489,Open,,unknown,,[#88489] Dispute - Invoice #1865860670 - Incomplete GPS (2 rides) : Medical Answering Services /* theme */ .portal--light { --fw-b
820,1866406240,canonical_open,1,1,,1002,88488,Open,,unknown,,[#88488] Dispute - Invoice #1866406240 - Incomplete GPS (1 ride) : Medical Answering Services /* theme */ .portal--light { --fw-bo
821,1850584080,canonical_open,1,1,,1000,88485,Open,,unknown,,[#88485] Dispute - Invoice #1850584080 - Incomplete GPS (1 ride) : Medical Answering Services /* theme */ .portal--light { --fw-bo
822,1786951830,canonical_open,1,1,,999,88484,Open,,unknown,,[#88484] Dispute - Invoice #1786951830 - Incomplete GPS (1 ride) : Medical Answering Services /* theme */ .portal--light { --fw-bo
823,1863685980,canonical_open,1,1,,998,88483,Open,,unknown,,[#88483] Dispute - Invoice #1863685980 - Incomplete GPS (1 ride) : Medical Answering Services /* theme */ .portal--light { --fw-bo
824,1853873600,canonical_open,1,1,,997,88482,Open,,unknown,,[#88482] Dispute - Invoice #1853873600 - Incomplete GPS (1 ride) : Medical Answering Services /* theme */ .portal--light { --fw-bo
831,1853169520,canonical_open,1,1,,1372,89475,Open,,unknown,,[#89475] Dispute - Invoice #1853169520 - GPS Deviation Status (2 rides) : Medical Answering Services /* theme */ .portal--light { 
832,1860443060,canonical_open,1,1,,994,88480,Open,,unknown,,[#88480] Dispute - Invoice #1860443060 - Incomplete GPS (2 rides) : Medical Answering Services /* theme */ .portal--light { --fw-b
833,1860615790,canonical_open,1,1,,1047,88515,Open,,unknown,,[#88515] Dispute - Invoice #1860615790 - GPS Pickup Too Far from Medical Facility (1 ride) : Medical Answering Services /* theme */
834,1864990150,canonical_open,1,1,,993,88479,Open,,unknown,,[#88479] Dispute - Invoice #1864990150 - GPS Pickup Too Far from Medical Facility (1 ride) : Medical Answering Services /* theme */
838,1861559110,canonical_open,1,1,,991,88478,Open,,unknown,,[#88478] Dispute - Invoice #1861559110 - Time at Medical Facility Too Short (2 rides) : Medical Answering Services /* theme */ .por
840,1864092520,canonical_open,1,1,,989,88475,Open,,unknown,,[#88475] Dispute - Invoice #1864092520 - GPS Pickup Too Far from Residence (1 ride) : Medical Answering Services /* theme */ .porta
842,1863867110,canonical_open,1,1,,1371,89474,Open,,unknown,,[#89474] Dispute - Invoice #1863867110 - GPS Pickup Too Far from Residence (2 rides) : Medical Answering Services /* theme */ .port
843,1864645710,canonical_open,1,1,,1025,88507,Open,,unknown,,[#88507] Dispute - Invoice #1864645710 - Incomplete GPS (1 ride) : Medical Answering Services /* theme */ .portal--light { --fw-bo
872,1833808960,canonical_open,1,1,,1087,88539,Open,,unknown,,[#88539] Dispute - Invoice #1833808960 - Incomplete GPS (1 ride) : Medical Answering Services /* theme */ .portal--light { --fw-bo
877,1864470340,canonical_open,1,1,,1082,88536,Open,,unknown,,[#88536] Dispute - Invoice #1864470340 - Incomplete GPS (2 rides) : Medical Answering Services /* theme */ .portal--light { --fw-b
887,1866293280,canonical_open,1,1,,1076,88535,Open,,unknown,,[#88535] Dispute - Invoice #1866293280 - GPS Pickup Too Far from Residence (1 ride) : Medical Answering Services /* theme */ .porta
906,1866945830,canonical_open,1,1,,1095,88543,Open,,unknown,,[#88543] Dispute - Invoice #1866945830 - GPS Pickup Too Far from Residence (2 rides) : Medical Answering Services /* theme */ .port
949,1867540860,canonical_open,1,1,,1090,88541,Open,,unknown,,[#88541] Dispute - Invoice #1867540860 - Time at Medical Facility Too Short (2 rides) : Medical Answering Services /* theme */ .por
956,1865787130,canonical_open,1,1,,919,88411,Open,,unknown,,[#88411] Dispute - Invoice #1865787130 - Incomplete GPS (1 ride) : Medical Answering Services /* theme */ .portal--light { --fw-bo
964,1866528720,canonical_open,1,1,,1154,88546,Open,mas_ticket_under_review,acknowledgment,,"Hi Accounting Agape, Ticket Under Review This ticket will be reviewed for GPS compliance. Important Notice: In the future, please use the ""GPS Control Devia"
1050,1868987500,canonical_open,1,1,,927,88419,Open,,unknown,,[#88419] Dispute - Invoice #1868987500 - GPS Deviation Status (2 rides) : Medical Answering Services /* theme */ .portal--light { 
1058,1869454600,canonical_open,1,1,,949,88442,Open,,unknown,,[#88442] Dispute - Invoice #1869454600 - GPS Deviation Status (2 rides) : Medical Answering Services /* theme */ .portal--light { 
1084,1868994010,needs_scrape,1,0,,1109,88587,,,unknown,not yet scraped (cache miss),
1126,1871146540,needs_scrape,1,0,,1150,88604,,,unknown,not yet scraped (cache miss),
