invoice_group_id,invoice_number,client_number,group_status,group_outcome,group_created_at,group_updated_at,claim_id,conf_number,ref_number,car_number,service_date,claim_amount,error_details,error_type_id,included_in_dispute,duplicate_of_claim_id,import_batch
1142,1869106610,EW34871M,Awaiting Response,Pending,2026-04-30 15:09:08.322197+00,2026-05-02 08:08:55.222+00,2149,15056423,1869106610 404811596,4955,4/29/26,14.98,,,t,,import_1777561745579
1142,1869106610,EW34871M,Awaiting Response,Pending,2026-04-30 15:09:08.322197+00,2026-05-02 08:08:55.222+00,2150,15056424,1869106610 404811597,898,4/29/26,14.98,,,t,,import_1777561745579
1128,1868037610,PF81953W,Awaiting Response,Pending,2026-04-30 15:09:07.639319+00,2026-05-02 08:08:55.017+00,2123,15043743,1868037610 404601100,347,4/29/26,59.99,,,t,,import_1777561745579
1128,1868037610,PF81953W,Awaiting Response,Pending,2026-04-30 15:09:07.639319+00,2026-05-02 08:08:55.017+00,2124,15043729,1868037610 404601101,4019,4/29/26,59.99,,,t,,import_1777561745579
1124,1869491220,KG88499K,Awaiting Response,Pending,2026-04-30 15:09:07.422523+00,2026-05-02 08:08:54.823+00,2116,15074446,1869491220 404885934,3870,4/28/26,64.51,,,t,,import_1777561745579
1124,1869491220,KG88499K,Awaiting Response,Pending,2026-04-30 15:09:07.422523+00,2026-05-02 08:08:54.823+00,2117,15074447,1869491220 404885935,7034,4/28/26,61.58,,,t,,import_1777561745579
1099,1869205610,SR88932S,Awaiting Response,Pending,2026-04-30 15:09:06.27123+00,2026-05-02 08:08:54.037+00,2071,15056001,1869205610 404831480,1018,4/28/26,47.63,,,t,,import_1777561745579
1099,1869205610,SR88932S,Awaiting Response,Pending,2026-04-30 15:09:06.27123+00,2026-05-02 08:08:54.037+00,2072,15055907,1869205610 404831127,1424,4/28/26,84.73,,,t,,import_1777561745579
1099,1869205610,SR88932S,Awaiting Response,Pending,2026-04-30 15:09:06.27123+00,2026-05-02 08:08:54.037+00,2073,15055908,1869205610 404831128,4819,4/28/26,54.26,,,t,,import_1777561745579
953,1854896640,VA36057R,Awaiting Response,Pending,2026-04-28 14:38:58.535455+00,2026-05-02 08:08:52.658+00,1814,14999804,1854896640 402010571,1754,4/22/2026,69.95,,,t,,import_1777387119750
953,1854896640,VA36057R,Awaiting Response,Pending,2026-04-28 14:38:58.535455+00,2026-05-02 08:08:52.658+00,1815,14999801,1854896640 402010572,4828,4/22/2026,69.95,,,t,,import_1777387119750
930,1808006060,TT22000X,Awaiting Response,Pending,2026-04-28 14:38:57.496336+00,2026-05-02 08:08:52.46+00,1773,15000062,1808006060 392805999,2387,4/22/2026,54.83,,,t,,import_1777387119750
930,1808006060,TT22000X,Awaiting Response,Pending,2026-04-28 14:38:57.496336+00,2026-05-02 08:08:52.46+00,1774,15002275,1808006060 392806001,159,4/22/2026,54.83,,,t,,import_1777387119750
860,1865742660,NE47075E,Awaiting Response,Pending,2026-04-28 14:38:54.320587+00,2026-05-02 08:08:52.262+00,1643,15018656,1865742660 404148779,3746,4/21/2026,76.40,,,t,,import_1777387119750
860,1865742660,NE47075E,Awaiting Response,Pending,2026-04-28 14:38:54.320587+00,2026-05-02 08:08:52.262+00,1644,15018655,1865742660 404148780,5161,4/21/2026,74.93,,,t,,import_1777387119750
855,1867049880,ZE91632B,Awaiting Response,Pending,2026-04-28 14:38:54.092305+00,2026-05-02 08:08:51.861+00,1634,15031300,1867049880 404406710,1987,4/21/2026,25.72,,,t,,import_1777387119750
855,1867049880,ZE91632B,Awaiting Response,Pending,2026-04-28 14:38:54.092305+00,2026-05-02 08:08:51.861+00,1635,15031299,1867049880 404406711,96,4/21/2026,25.72,,,t,,import_1777387119750
706,1851328310,GT13297J,Awaiting Response,Pending,2026-04-28 14:38:47.237393+00,2026-05-02 08:08:51.459+00,1358,14985037,1851328310 401305974,7124,4/20/2026,30.05,,,t,,import_1777387119750
706,1851328310,GT13297J,Awaiting Response,Pending,2026-04-28 14:38:47.237393+00,2026-05-02 08:08:51.459+00,1359,14985038,1851328310 401305975,4252,4/20/2026,30.05,,,t,,import_1777387119750
643,1862155690,EV18785B,Awaiting Response,Pending,2026-04-28 14:38:44.23328+00,2026-05-02 08:08:51.065+00,1236,14976799,1862155690 403441868,5175,4/17/2026,23.31,,,t,,import_1777387119750
643,1862155690,EV18785B,Awaiting Response,Pending,2026-04-28 14:38:44.23328+00,2026-05-02 08:08:51.065+00,1237,14976798,1862155690 403441869,798,4/17/2026,23.31,,,t,,import_1777387119750
638,1863808300,ZB49314A,Awaiting Response,Pending,2026-04-28 14:38:43.949644+00,2026-05-02 08:08:50.87+00,1224,14994793,1863808300 403768139,205,4/17/2026,30.05,,,t,,import_1777387119750
638,1863808300,ZB49314A,Awaiting Response,Pending,2026-04-28 14:38:43.949644+00,2026-05-02 08:08:50.87+00,1225,14994792,1863808300 403768140,4954,4/17/2026,22.97,,,t,,import_1777387119750
629,1831588390,US94256X,Awaiting Response,Pending,2026-04-28 14:38:43.526749+00,2026-05-02 08:08:50.481+00,1207,14963255,1831588390 397406239,3527,4/16/2026,47.93,,,t,,import_1777387119750
629,1831588390,US94256X,Awaiting Response,Pending,2026-04-28 14:38:43.526749+00,2026-05-02 08:08:50.481+00,1208,14963234,1831588390 397406240,739,4/16/2026,47.93,,,t,,import_1777387119750
619,1864416650,US94256X,Awaiting Response,Pending,2026-04-28 14:38:43.111497+00,2026-05-02 08:08:50.284+00,1191,15002426,1864416650 403887693,4645,4/16/2026,47.93,,,t,,import_1777387119750
619,1864416650,US94256X,Awaiting Response,Pending,2026-04-28 14:38:43.111497+00,2026-05-02 08:08:50.284+00,1192,15002425,1864416650 403887695,1202,4/16/2026,68.19,,,t,,import_1777387119750
619,1864416650,US94256X,Awaiting Response,Pending,2026-04-28 14:38:43.111497+00,2026-05-02 08:08:50.284+00,1193,15004286,1864416650 403971883,5180,4/16/2026,48.22,,,t,,import_1777387119750
587,1860745070,TG46153S,Awaiting Response,Pending,2026-04-28 14:38:41.611963+00,2026-05-02 08:08:49.891+00,1129,14966093,1860745070 403164758,665,4/16/2026,22.97,,,t,,import_1777387119750
587,1860745070,TG46153S,Awaiting Response,Pending,2026-04-28 14:38:41.611963+00,2026-05-02 08:08:49.891+00,1130,14966100,1860745070 403164759,1392,4/16/2026,22.97,,,t,,import_1777387119750
586,1864377040,YY19853U,Awaiting Response,Pending,2026-04-28 14:38:41.563142+00,2026-05-02 08:08:49.696+00,1127,14997815,1864377040 403880174,,4/16/2026,26.47,,,t,,import_1777387119750
586,1864377040,YY19853U,Awaiting Response,Pending,2026-04-28 14:38:41.563142+00,2026-05-02 08:08:49.696+00,1128,14997814,1864377040 403880173,1496,4/16/2026,47.93,,,t,,import_1777387119750
568,1862878290,CK95350P,Awaiting Response,Pending,2026-04-28 14:38:40.766254+00,2026-05-02 08:08:48.884+00,1095,14981442,1862878290 403585074,1090,4/15/2026,18.60,,,t,,import_1777387119750
568,1862878290,CK95350P,Awaiting Response,Pending,2026-04-28 14:38:40.766254+00,2026-05-02 08:08:48.884+00,1096,14981443,1862878290 403585072,4955,4/15/2026,18.60,,,t,,import_1777387119750
539,1860879400,CV38525D,Awaiting Response,Pending,2026-04-28 14:06:16.271061+00,2026-05-02 08:08:48.086+00,1040,14959048,1860879400 403191249,96,4/13/2026,47.93,,,t,,import_1777385152477
539,1860879400,CV38525D,Awaiting Response,Pending,2026-04-28 14:06:16.271061+00,2026-05-02 08:08:48.086+00,1041,14959049,1860879400 403191250,2169,4/13/2026,47.93,,,t,,import_1777385152477
537,1859099250,QU72304M,Awaiting Response,Pending,2026-04-28 14:06:16.171489+00,2026-05-02 08:08:47.891+00,1036,14942525,1859099250 402838462,5183,4/13/2026,22.97,,,t,,import_1777385152477
537,1859099250,QU72304M,Awaiting Response,Pending,2026-04-28 14:06:16.171489+00,2026-05-02 08:08:47.891+00,1037,14942523,1859099250 402838465,2004,4/13/2026,22.97,,,t,,import_1777385152477
536,1862024340,NZ15223A,Awaiting Response,Pending,2026-04-28 14:06:16.122135+00,2026-05-02 08:08:47.693+00,1034,14970495,1862024340 403417334,1640,4/13/2026,22.97,,,t,,import_1777385152477
536,1862024340,NZ15223A,Awaiting Response,Pending,2026-04-28 14:06:16.122135+00,2026-05-02 08:08:47.693+00,1035,14970494,1862024340 403417335,2452,4/13/2026,22.97,,,t,,import_1777385152477
534,1861422860,KT23843K,Awaiting Response,Pending,2026-04-28 14:06:16.022926+00,2026-05-02 08:08:47.496+00,1030,14964490,1861422860 403298267,2701,4/13/2026,22.97,,,t,,import_1777385152477
534,1861422860,KT23843K,Awaiting Response,Pending,2026-04-28 14:06:16.022926+00,2026-05-02 08:08:47.496+00,1031,14964489,1861422860 403298268,1198,4/13/2026,22.97,,,t,,import_1777385152477
